"Program","Year","Period","Week Ending","Geo Level","State","State ANSI","Ag District","Ag District Code","County","County ANSI","Zip Code","Region","watershed_code","Watershed","Commodity","Data Item","Domain","Domain Category","Value","CV (%)"
"SURVEY","2024","YEAR","","STATE","ALABAMA","01","","","","","","","00000000","","MILK","MILK - SALES, MEASURED IN $","TOTAL","NOT SPECIFIED","6,448,000",""
"SURVEY","2024","YEAR","","STATE","ARIZONA","04","","","","","","","00000000","","MILK","MILK - SALES, MEASURED IN $","TOTAL","NOT SPECIFIED","1,057,906,000",""
"SURVEY","2024","YEAR","","STATE","ARKANSAS","05","","","","","","","00000000","","MILK","MILK - SALES, MEASURED IN $","TOTAL","NOT SPECIFIED","5,807,000",""
"SURVEY","2024","YEAR","","STATE","CALIFORNIA","06","","","","","","","00000000","","MILK","MILK - SALES, MEASURED IN $","TOTAL","NOT SPECIFIED","8,614,570,000",""
"SURVEY","2024","YEAR","","STATE","COLORADO","08","","","","","","","00000000","","MILK","MILK - SALES, MEASURED IN $","TOTAL","NOT SPECIFIED","1,193,580,000",""
"SURVEY","2024","YEAR","","STATE","CONNECTICUT","09","","","","","","","00000000","","MILK","MILK - SALES, MEASURED IN $","TOTAL","NOT SPECIFIED","99,120,000",""
"SURVEY","2024","YEAR","","STATE","DELAWARE","10","","","","","","","00000000","","MILK","MILK - SALES, MEASURED IN $","TOTAL","NOT SPECIFIED","11,344,000",""
"SURVEY","2024","YEAR","","STATE","FLORIDA","12","","","","","","","00000000","","MILK","MILK - SALES, MEASURED IN $","TOTAL","NOT SPECIFIED","532,575,000",""
"SURVEY","2024","YEAR","","STATE","GEORGIA","13","","","","","","","00000000","","MILK","MILK - SALES, MEASURED IN $","TOTAL","NOT SPECIFIED","516,838,000",""
"SURVEY","2024","YEAR","","STATE","IDAHO","16","","","","","","","00000000","","MILK","MILK - SALES, MEASURED IN $","TOTAL","NOT SPECIFIED","3,872,580,000",""
"SURVEY","2024","YEAR","","STATE","ILLINOIS","17","","","","","","","00000000","","MILK","MILK - SALES, MEASURED IN $","TOTAL","NOT SPECIFIED","376,647,000",""
"SURVEY","2024","YEAR","","STATE","INDIANA","18","","","","","","","00000000","","MILK","MILK - SALES, MEASURED IN $","TOTAL","NOT SPECIFIED","1,057,988,000",""
"SURVEY","2024","YEAR","","STATE","IOWA","19","","","","","","","00000000","","MILK","MILK - SALES, MEASURED IN $","TOTAL","NOT SPECIFIED","1,313,124,000",""
"SURVEY","2024","YEAR","","STATE","KANSAS","20","","","","","","","00000000","","MILK","MILK - SALES, MEASURED IN $","TOTAL","NOT SPECIFIED","914,004,000",""
"SURVEY","2024","YEAR","","STATE","KENTUCKY","21","","","","","","","00000000","","MILK","MILK - SALES, MEASURED IN $","TOTAL","NOT SPECIFIED","192,360,000",""
"SURVEY","2024","YEAR","","STATE","LOUISIANA","22","","","","","","","00000000","","MILK","MILK - SALES, MEASURED IN $","TOTAL","NOT SPECIFIED","20,610,000",""
"SURVEY","2024","YEAR","","STATE","MAINE","23","","","","","","","00000000","","MILK","MILK - SALES, MEASURED IN $","TOTAL","NOT SPECIFIED","123,120,000",""
"SURVEY","2024","YEAR","","STATE","MARYLAND","24","","","","","","","00000000","","MILK","MILK - SALES, MEASURED IN $","TOTAL","NOT SPECIFIED","194,640,000",""
"SURVEY","2024","YEAR","","STATE","MASSACHUSETTS","25","","","","","","","00000000","","MILK","MILK - SALES, MEASURED IN $","TOTAL","NOT SPECIFIED","41,772,000",""
"SURVEY","2024","YEAR","","STATE","MICHIGAN","26","","","","","","","00000000","","MILK","MILK - SALES, MEASURED IN $","TOTAL","NOT SPECIFIED","2,732,340,000",""
"SURVEY","2024","YEAR","","STATE","MINNESOTA","27","","","","","","","00000000","","MILK","MILK - SALES, MEASURED IN $","TOTAL","NOT SPECIFIED","2,306,080,000",""
"SURVEY","2024","YEAR","","STATE","MISSISSIPPI","28","","","","","","","00000000","","MILK","MILK - SALES, MEASURED IN $","TOTAL","NOT SPECIFIED","15,309,000",""
"SURVEY","2024","YEAR","","STATE","MISSOURI","29","","","","","","","00000000","","MILK","MILK - SALES, MEASURED IN $","TOTAL","NOT SPECIFIED","185,640,000",""
"SURVEY","2024","YEAR","","STATE","MONTANA","30","","","","","","","00000000","","MILK","MILK - SALES, MEASURED IN $","TOTAL","NOT SPECIFIED","43,618,000",""
"SURVEY","2024","YEAR","","STATE","NEBRASKA","31","","","","","","","00000000","","MILK","MILK - SALES, MEASURED IN $","TOTAL","NOT SPECIFIED","285,660,000",""
"SURVEY","2024","YEAR","","STATE","NEVADA","32","","","","","","","00000000","","MILK","MILK - SALES, MEASURED IN $","TOTAL","NOT SPECIFIED","170,060,000",""
"SURVEY","2024","YEAR","","STATE","NEW HAMPSHIRE","33","","","","","","","00000000","","MILK","MILK - SALES, MEASURED IN $","TOTAL","NOT SPECIFIED","47,874,000",""
"SURVEY","2024","YEAR","","STATE","NEW JERSEY","34","","","","","","","00000000","","MILK","MILK - SALES, MEASURED IN $","TOTAL","NOT SPECIFIED","17,876,000",""
"SURVEY","2024","YEAR","","STATE","NEW MEXICO","35","","","","","","","00000000","","MILK","MILK - SALES, MEASURED IN $","TOTAL","NOT SPECIFIED","1,250,800,000",""
"SURVEY","2024","YEAR","","STATE","NEW YORK","36","","","","","","","00000000","","MILK","MILK - SALES, MEASURED IN $","TOTAL","NOT SPECIFIED","3,784,024,000",""
"SURVEY","2024","YEAR","","STATE","NORTH CAROLINA","37","","","","","","","00000000","","MILK","MILK - SALES, MEASURED IN $","TOTAL","NOT SPECIFIED","194,028,000",""
"SURVEY","2024","YEAR","","STATE","NORTH DAKOTA","38","","","","","","","00000000","","MILK","MILK - SALES, MEASURED IN $","TOTAL","NOT SPECIFIED","51,968,000",""
"SURVEY","2024","YEAR","","STATE","OHIO","39","","","","","","","00000000","","MILK","MILK - SALES, MEASURED IN $","TOTAL","NOT SPECIFIED","1,319,479,000",""
"SURVEY","2024","YEAR","","STATE","OKLAHOMA","40","","","","","","","00000000","","MILK","MILK - SALES, MEASURED IN $","TOTAL","NOT SPECIFIED","186,660,000",""
"SURVEY","2024","YEAR","","STATE","OREGON","41","","","","","","","00000000","","MILK","MILK - SALES, MEASURED IN $","TOTAL","NOT SPECIFIED","591,219,000",""
"SURVEY","2024","YEAR","","STATE","OTHER STATES","","","","","","","","00000000","","MILK","MILK - SALES, MEASURED IN $","TOTAL","NOT SPECIFIED","2,714,000",""
"SURVEY","2024","YEAR","","STATE","PENNSYLVANIA","42","","","","","","","00000000","","MILK","MILK - SALES, MEASURED IN $","TOTAL","NOT SPECIFIED","2,259,634,000",""
"SURVEY","2024","YEAR","","STATE","RHODE ISLAND","44","","","","","","","00000000","","MILK","MILK - SALES, MEASURED IN $","TOTAL","NOT SPECIFIED","2,074,000",""
"SURVEY","2024","YEAR","","STATE","SOUTH CAROLINA","45","","","","","","","00000000","","MILK","MILK - SALES, MEASURED IN $","TOTAL","NOT SPECIFIED","35,642,000",""
"SURVEY","2024","YEAR","","STATE","SOUTH DAKOTA","46","","","","","","","00000000","","MILK","MILK - SALES, MEASURED IN $","TOTAL","NOT SPECIFIED","1,127,004,000",""
"SURVEY","2024","YEAR","","STATE","TENNESSEE","47","","","","","","","00000000","","MILK","MILK - SALES, MEASURED IN $","TOTAL","NOT SPECIFIED","101,447,000",""
"SURVEY","2024","YEAR","","STATE","TEXAS","48","","","","","","","00000000","","MILK","MILK - SALES, MEASURED IN $","TOTAL","NOT SPECIFIED","3,946,552,000",""
"SURVEY","2024","YEAR","","STATE","UTAH","49","","","","","","","00000000","","MILK","MILK - SALES, MEASURED IN $","TOTAL","NOT SPECIFIED","471,520,000",""
"SURVEY","2024","YEAR","","STATE","VERMONT","50","","","","","","","00000000","","MILK","MILK - SALES, MEASURED IN $","TOTAL","NOT SPECIFIED","588,418,000",""
"SURVEY","2024","YEAR","","STATE","VIRGINIA","51","","","","","","","00000000","","MILK","MILK - SALES, MEASURED IN $","TOTAL","NOT SPECIFIED","363,132,000",""
"SURVEY","2024","YEAR","","STATE","WASHINGTON","53","","","","","","","00000000","","MILK","MILK - SALES, MEASURED IN $","TOTAL","NOT SPECIFIED","1,465,460,000",""
"SURVEY","2024","YEAR","","STATE","WEST VIRGINIA","54","","","","","","","00000000","","MILK","MILK - SALES, MEASURED IN $","TOTAL","NOT SPECIFIED","12,312,000",""
"SURVEY","2024","YEAR","","STATE","WISCONSIN","55","","","","","","","00000000","","MILK","MILK - SALES, MEASURED IN $","TOTAL","NOT SPECIFIED","6,966,134,000",""
"SURVEY","2024","YEAR","","STATE","WYOMING","56","","","","","","","00000000","","MILK","MILK - SALES, MEASURED IN $","TOTAL","NOT SPECIFIED","56,741,000",""
"SURVEY","2023","YEAR","","STATE","ALABAMA","01","","","","","","","00000000","","MILK","MILK - SALES, MEASURED IN $","TOTAL","NOT SPECIFIED","6,058,000",""
"SURVEY","2023","YEAR","","STATE","ARIZONA","04","","","","","","","00000000","","MILK","MILK - SALES, MEASURED IN $","TOTAL","NOT SPECIFIED","966,408,000",""
"SURVEY","2023","YEAR","","STATE","ARKANSAS","05","","","","","","","00000000","","MILK","MILK - SALES, MEASURED IN $","TOTAL","NOT SPECIFIED","6,993,000",""
"SURVEY","2023","YEAR","","STATE","CALIFORNIA","06","","","","","","","00000000","","MILK","MILK - SALES, MEASURED IN $","TOTAL","NOT SPECIFIED","8,133,528,000",""
"SURVEY","2023","YEAR","","STATE","COLORADO","08","","","","","","","00000000","","MILK","MILK - SALES, MEASURED IN $","TOTAL","NOT SPECIFIED","1,084,919,000",""
"SURVEY","2023","YEAR","","STATE","CONNECTICUT","09","","","","","","","00000000","","MILK","MILK - SALES, MEASURED IN $","TOTAL","NOT SPECIFIED","92,637,000",""
"SURVEY","2023","YEAR","","STATE","DELAWARE","10","","","","","","","00000000","","MILK","MILK - SALES, MEASURED IN $","TOTAL","NOT SPECIFIED","10,526,000",""
"SURVEY","2023","YEAR","","STATE","FLORIDA","12","","","","","","","00000000","","MILK","MILK - SALES, MEASURED IN $","TOTAL","NOT SPECIFIED","506,168,000",""
"SURVEY","2023","YEAR","","STATE","GEORGIA","13","","","","","","","00000000","","MILK","MILK - SALES, MEASURED IN $","TOTAL","NOT SPECIFIED","466,092,000",""
"SURVEY","2023","YEAR","","STATE","IDAHO","16","","","","","","","00000000","","MILK","MILK - SALES, MEASURED IN $","TOTAL","NOT SPECIFIED","3,458,946,000",""
"SURVEY","2023","YEAR","","STATE","ILLINOIS","17","","","","","","","00000000","","MILK","MILK - SALES, MEASURED IN $","TOTAL","NOT SPECIFIED","347,885,000",""
"SURVEY","2023","YEAR","","STATE","INDIANA","18","","","","","","","00000000","","MILK","MILK - SALES, MEASURED IN $","TOTAL","NOT SPECIFIED","954,879,000",""
"SURVEY","2023","YEAR","","STATE","IOWA","19","","","","","","","00000000","","MILK","MILK - SALES, MEASURED IN $","TOTAL","NOT SPECIFIED","1,116,045,000",""
"SURVEY","2023","YEAR","","STATE","KANSAS","20","","","","","","","00000000","","MILK","MILK - SALES, MEASURED IN $","TOTAL","NOT SPECIFIED","794,942,000",""
"SURVEY","2023","YEAR","","STATE","KENTUCKY","21","","","","","","","00000000","","MILK","MILK - SALES, MEASURED IN $","TOTAL","NOT SPECIFIED","196,344,000",""
"SURVEY","2023","YEAR","","STATE","LOUISIANA","22","","","","","","","00000000","","MILK","MILK - SALES, MEASURED IN $","TOTAL","NOT SPECIFIED","21,462,000",""
"SURVEY","2023","YEAR","","STATE","MAINE","23","","","","","","","00000000","","MILK","MILK - SALES, MEASURED IN $","TOTAL","NOT SPECIFIED","115,670,000",""
"SURVEY","2023","YEAR","","STATE","MARYLAND","24","","","","","","","00000000","","MILK","MILK - SALES, MEASURED IN $","TOTAL","NOT SPECIFIED","183,522,000",""
"SURVEY","2023","YEAR","","STATE","MASSACHUSETTS","25","","","","","","","00000000","","MILK","MILK - SALES, MEASURED IN $","TOTAL","NOT SPECIFIED","38,232,000",""
"SURVEY","2023","YEAR","","STATE","MICHIGAN","26","","","","","","","00000000","","MILK","MILK - SALES, MEASURED IN $","TOTAL","NOT SPECIFIED","2,404,200,000",""
"SURVEY","2023","YEAR","","STATE","MINNESOTA","27","","","","","","","00000000","","MILK","MILK - SALES, MEASURED IN $","TOTAL","NOT SPECIFIED","2,007,200,000",""
"SURVEY","2023","YEAR","","STATE","MISSISSIPPI","28","","","","","","","00000000","","MILK","MILK - SALES, MEASURED IN $","TOTAL","NOT SPECIFIED","15,984,000",""
"SURVEY","2023","YEAR","","STATE","MISSOURI","29","","","","","","","00000000","","MILK","MILK - SALES, MEASURED IN $","TOTAL","NOT SPECIFIED","184,864,000",""
"SURVEY","2023","YEAR","","STATE","MONTANA","30","","","","","","","00000000","","MILK","MILK - SALES, MEASURED IN $","TOTAL","NOT SPECIFIED","43,672,000",""
"SURVEY","2023","YEAR","","STATE","NEBRASKA","31","","","","","","","00000000","","MILK","MILK - SALES, MEASURED IN $","TOTAL","NOT SPECIFIED","267,000,000",""
"SURVEY","2023","YEAR","","STATE","NEVADA","32","","","","","","","00000000","","MILK","MILK - SALES, MEASURED IN $","TOTAL","NOT SPECIFIED","157,248,000",""
"SURVEY","2023","YEAR","","STATE","NEW HAMPSHIRE","33","","","","","","","00000000","","MILK","MILK - SALES, MEASURED IN $","TOTAL","NOT SPECIFIED","44,690,000",""
"SURVEY","2023","YEAR","","STATE","NEW JERSEY","34","","","","","","","00000000","","MILK","MILK - SALES, MEASURED IN $","TOTAL","NOT SPECIFIED","17,136,000",""
"SURVEY","2023","YEAR","","STATE","NEW MEXICO","35","","","","","","","00000000","","MILK","MILK - SALES, MEASURED IN $","TOTAL","NOT SPECIFIED","1,233,180,000",""
"SURVEY","2023","YEAR","","STATE","NEW YORK","36","","","","","","","00000000","","MILK","MILK - SALES, MEASURED IN $","TOTAL","NOT SPECIFIED","3,486,256,000",""
"SURVEY","2023","YEAR","","STATE","NORTH CAROLINA","37","","","","","","","00000000","","MILK","MILK - SALES, MEASURED IN $","TOTAL","NOT SPECIFIED","192,696,000",""
"SURVEY","2023","YEAR","","STATE","NORTH DAKOTA","38","","","","","","","00000000","","MILK","MILK - SALES, MEASURED IN $","TOTAL","NOT SPECIFIED","51,604,000",""
"SURVEY","2023","YEAR","","STATE","OHIO","39","","","","","","","00000000","","MILK","MILK - SALES, MEASURED IN $","TOTAL","NOT SPECIFIED","1,204,392,000",""
"SURVEY","2023","YEAR","","STATE","OKLAHOMA","40","","","","","","","00000000","","MILK","MILK - SALES, MEASURED IN $","TOTAL","NOT SPECIFIED","160,290,000",""
"SURVEY","2023","YEAR","","STATE","OREGON","41","","","","","","","00000000","","MILK","MILK - SALES, MEASURED IN $","TOTAL","NOT SPECIFIED","592,956,000",""
"SURVEY","2023","YEAR","","STATE","OTHER STATES","","","","","","","","00000000","","MILK","MILK - SALES, MEASURED IN $","TOTAL","NOT SPECIFIED","2,270,000",""
"SURVEY","2023","YEAR","","STATE","PENNSYLVANIA","42","","","","","","","00000000","","MILK","MILK - SALES, MEASURED IN $","TOTAL","NOT SPECIFIED","2,091,636,000",""
"SURVEY","2023","YEAR","","STATE","RHODE ISLAND","44","","","","","","","00000000","","MILK","MILK - SALES, MEASURED IN $","TOTAL","NOT SPECIFIED","2,119,000",""
"SURVEY","2023","YEAR","","STATE","SOUTH CAROLINA","45","","","","","","","00000000","","MILK","MILK - SALES, MEASURED IN $","TOTAL","NOT SPECIFIED","34,075,000",""
"SURVEY","2023","YEAR","","STATE","SOUTH DAKOTA","46","","","","","","","00000000","","MILK","MILK - SALES, MEASURED IN $","TOTAL","NOT SPECIFIED","909,440,000",""
"SURVEY","2023","YEAR","","STATE","TENNESSEE","47","","","","","","","00000000","","MILK","MILK - SALES, MEASURED IN $","TOTAL","NOT SPECIFIED","100,498,000",""
"SURVEY","2023","YEAR","","STATE","TEXAS","48","","","","","","","00000000","","MILK","MILK - SALES, MEASURED IN $","TOTAL","NOT SPECIFIED","3,357,214,000",""
"SURVEY","2023","YEAR","","STATE","UTAH","49","","","","","","","00000000","","MILK","MILK - SALES, MEASURED IN $","TOTAL","NOT SPECIFIED","420,413,000",""
"SURVEY","2023","YEAR","","STATE","VERMONT","50","","","","","","","00000000","","MILK","MILK - SALES, MEASURED IN $","TOTAL","NOT SPECIFIED","551,880,000",""
"SURVEY","2023","YEAR","","STATE","VIRGINIA","51","","","","","","","00000000","","MILK","MILK - SALES, MEASURED IN $","TOTAL","NOT SPECIFIED","339,328,000",""
"SURVEY","2023","YEAR","","STATE","WASHINGTON","53","","","","","","","00000000","","MILK","MILK - SALES, MEASURED IN $","TOTAL","NOT SPECIFIED","1,328,726,000",""
"SURVEY","2023","YEAR","","STATE","WEST VIRGINIA","54","","","","","","","00000000","","MILK","MILK - SALES, MEASURED IN $","TOTAL","NOT SPECIFIED","13,130,000",""
"SURVEY","2023","YEAR","","STATE","WISCONSIN","55","","","","","","","00000000","","MILK","MILK - SALES, MEASURED IN $","TOTAL","NOT SPECIFIED","6,151,489,000",""
"SURVEY","2023","YEAR","","STATE","WYOMING","56","","","","","","","00000000","","MILK","MILK - SALES, MEASURED IN $","TOTAL","NOT SPECIFIED","49,651,000",""
"SURVEY","2022","YEAR","","STATE","ALABAMA","01","","","","","","","00000000","","MILK","MILK - SALES, MEASURED IN $","TOTAL","NOT SPECIFIED","8,525,000",""
"SURVEY","2022","YEAR","","STATE","ARIZONA","04","","","","","","","00000000","","MILK","MILK - SALES, MEASURED IN $","TOTAL","NOT SPECIFIED","1,199,772,000",""
"SURVEY","2022","YEAR","","STATE","ARKANSAS","05","","","","","","","00000000","","MILK","MILK - SALES, MEASURED IN $","TOTAL","NOT SPECIFIED","11,567,000",""
"SURVEY","2022","YEAR","","STATE","CALIFORNIA","06","","","","","","","00000000","","MILK","MILK - SALES, MEASURED IN $","TOTAL","NOT SPECIFIED","10,400,730,000",""
"SURVEY","2022","YEAR","","STATE","COLORADO","08","","","","","","","00000000","","MILK","MILK - SALES, MEASURED IN $","TOTAL","NOT SPECIFIED","1,354,496,000",""
"SURVEY","2022","YEAR","","STATE","CONNECTICUT","09","","","","","","","00000000","","MILK","MILK - SALES, MEASURED IN $","TOTAL","NOT SPECIFIED","114,594,000",""
"SURVEY","2022","YEAR","","STATE","DELAWARE","10","","","","","","","00000000","","MILK","MILK - SALES, MEASURED IN $","TOTAL","NOT SPECIFIED","11,894,000",""
"SURVEY","2022","YEAR","","STATE","FLORIDA","12","","","","","","","00000000","","MILK","MILK - SALES, MEASURED IN $","TOTAL","NOT SPECIFIED","559,302,000",""
"SURVEY","2022","YEAR","","STATE","GEORGIA","13","","","","","","","00000000","","MILK","MILK - SALES, MEASURED IN $","TOTAL","NOT SPECIFIED","577,720,000",""
"SURVEY","2022","YEAR","","STATE","IDAHO","16","","","","","","","00000000","","MILK","MILK - SALES, MEASURED IN $","TOTAL","NOT SPECIFIED","4,281,252,000",""
"SURVEY","2022","YEAR","","STATE","ILLINOIS","17","","","","","","","00000000","","MILK","MILK - SALES, MEASURED IN $","TOTAL","NOT SPECIFIED","432,562,000",""
"SURVEY","2022","YEAR","","STATE","INDIANA","18","","","","","","","00000000","","MILK","MILK - SALES, MEASURED IN $","TOTAL","NOT SPECIFIED","1,111,296,000",""
"SURVEY","2022","YEAR","","STATE","IOWA","19","","","","","","","00000000","","MILK","MILK - SALES, MEASURED IN $","TOTAL","NOT SPECIFIED","1,409,240,000",""
"SURVEY","2022","YEAR","","STATE","KANSAS","20","","","","","","","00000000","","MILK","MILK - SALES, MEASURED IN $","TOTAL","NOT SPECIFIED","1,003,347,000",""
"SURVEY","2022","YEAR","","STATE","KENTUCKY","21","","","","","","","00000000","","MILK","MILK - SALES, MEASURED IN $","TOTAL","NOT SPECIFIED","242,880,000",""
"SURVEY","2022","YEAR","","STATE","LOUISIANA","22","","","","","","","00000000","","MILK","MILK - SALES, MEASURED IN $","TOTAL","NOT SPECIFIED","29,648,000",""
"SURVEY","2022","YEAR","","STATE","MAINE","23","","","","","","","00000000","","MILK","MILK - SALES, MEASURED IN $","TOTAL","NOT SPECIFIED","135,850,000",""
"SURVEY","2022","YEAR","","STATE","MARYLAND","24","","","","","","","00000000","","MILK","MILK - SALES, MEASURED IN $","TOTAL","NOT SPECIFIED","213,504,000",""
"SURVEY","2022","YEAR","","STATE","MASSACHUSETTS","25","","","","","","","00000000","","MILK","MILK - SALES, MEASURED IN $","TOTAL","NOT SPECIFIED","49,765,000",""
"SURVEY","2022","YEAR","","STATE","MICHIGAN","26","","","","","","","00000000","","MILK","MILK - SALES, MEASURED IN $","TOTAL","NOT SPECIFIED","2,878,446,000",""
"SURVEY","2022","YEAR","","STATE","MINNESOTA","27","","","","","","","00000000","","MILK","MILK - SALES, MEASURED IN $","TOTAL","NOT SPECIFIED","2,603,623,000",""
"SURVEY","2022","YEAR","","STATE","MISSISSIPPI","28","","","","","","","00000000","","MILK","MILK - SALES, MEASURED IN $","TOTAL","NOT SPECIFIED","24,200,000",""
"SURVEY","2022","YEAR","","STATE","MISSOURI","29","","","","","","","00000000","","MILK","MILK - SALES, MEASURED IN $","TOTAL","NOT SPECIFIED","242,486,000",""
"SURVEY","2022","YEAR","","STATE","MONTANA","30","","","","","","","00000000","","MILK","MILK - SALES, MEASURED IN $","TOTAL","NOT SPECIFIED","55,660,000",""
"SURVEY","2022","YEAR","","STATE","NEBRASKA","31","","","","","","","00000000","","MILK","MILK - SALES, MEASURED IN $","TOTAL","NOT SPECIFIED","356,730,000",""
"SURVEY","2022","YEAR","","STATE","NEVADA","32","","","","","","","00000000","","MILK","MILK - SALES, MEASURED IN $","TOTAL","NOT SPECIFIED","199,364,000",""
"SURVEY","2022","YEAR","","STATE","NEW HAMPSHIRE","33","","","","","","","00000000","","MILK","MILK - SALES, MEASURED IN $","TOTAL","NOT SPECIFIED","57,939,000",""
"SURVEY","2022","YEAR","","STATE","NEW JERSEY","34","","","","","","","00000000","","MILK","MILK - SALES, MEASURED IN $","TOTAL","NOT SPECIFIED","21,505,000",""
"SURVEY","2022","YEAR","","STATE","NEW MEXICO","35","","","","","","","00000000","","MILK","MILK - SALES, MEASURED IN $","TOTAL","NOT SPECIFIED","1,668,500,000",""
"SURVEY","2022","YEAR","","STATE","NEW YORK","36","","","","","","","00000000","","MILK","MILK - SALES, MEASURED IN $","TOTAL","NOT SPECIFIED","4,082,746,000",""
"SURVEY","2022","YEAR","","STATE","NORTH CAROLINA","37","","","","","","","00000000","","MILK","MILK - SALES, MEASURED IN $","TOTAL","NOT SPECIFIED","239,184,000",""
"SURVEY","2022","YEAR","","STATE","NORTH DAKOTA","38","","","","","","","00000000","","MILK","MILK - SALES, MEASURED IN $","TOTAL","NOT SPECIFIED","80,384,000",""
"SURVEY","2022","YEAR","","STATE","OHIO","39","","","","","","","00000000","","MILK","MILK - SALES, MEASURED IN $","TOTAL","NOT SPECIFIED","1,395,984,000",""
"SURVEY","2022","YEAR","","STATE","OKLAHOMA","40","","","","","","","00000000","","MILK","MILK - SALES, MEASURED IN $","TOTAL","NOT SPECIFIED","200,502,000",""
"SURVEY","2022","YEAR","","STATE","OREGON","41","","","","","","","00000000","","MILK","MILK - SALES, MEASURED IN $","TOTAL","NOT SPECIFIED","718,850,000",""
"SURVEY","2022","YEAR","","STATE","OTHER STATES","","","","","","","","00000000","","MILK","MILK - SALES, MEASURED IN $","TOTAL","NOT SPECIFIED","1,850,000",""
"SURVEY","2022","YEAR","","STATE","PENNSYLVANIA","42","","","","","","","00000000","","MILK","MILK - SALES, MEASURED IN $","TOTAL","NOT SPECIFIED","2,616,875,000",""
"SURVEY","2022","YEAR","","STATE","RHODE ISLAND","44","","","","","","","00000000","","MILK","MILK - SALES, MEASURED IN $","TOTAL","NOT SPECIFIED","2,732,000",""
"SURVEY","2022","YEAR","","STATE","SOUTH CAROLINA","45","","","","","","","00000000","","MILK","MILK - SALES, MEASURED IN $","TOTAL","NOT SPECIFIED","45,188,000",""
"SURVEY","2022","YEAR","","STATE","SOUTH DAKOTA","46","","","","","","","00000000","","MILK","MILK - SALES, MEASURED IN $","TOTAL","NOT SPECIFIED","1,088,086,000",""
"SURVEY","2022","YEAR","","STATE","TENNESSEE","47","","","","","","","00000000","","MILK","MILK - SALES, MEASURED IN $","TOTAL","NOT SPECIFIED","129,320,000",""
"SURVEY","2022","YEAR","","STATE","TEXAS","48","","","","","","","00000000","","MILK","MILK - SALES, MEASURED IN $","TOTAL","NOT SPECIFIED","4,225,536,000",""
"SURVEY","2022","YEAR","","STATE","UTAH","49","","","","","","","00000000","","MILK","MILK - SALES, MEASURED IN $","TOTAL","NOT SPECIFIED","552,192,000",""
"SURVEY","2022","YEAR","","STATE","VERMONT","50","","","","","","","00000000","","MILK","MILK - SALES, MEASURED IN $","TOTAL","NOT SPECIFIED","674,842,000",""
"SURVEY","2022","YEAR","","STATE","VIRGINIA","51","","","","","","","00000000","","MILK","MILK - SALES, MEASURED IN $","TOTAL","NOT SPECIFIED","395,640,000",""
"SURVEY","2022","YEAR","","STATE","WASHINGTON","53","","","","","","","00000000","","MILK","MILK - SALES, MEASURED IN $","TOTAL","NOT SPECIFIED","1,673,180,000",""
"SURVEY","2022","YEAR","","STATE","WEST VIRGINIA","54","","","","","","","00000000","","MILK","MILK - SALES, MEASURED IN $","TOTAL","NOT SPECIFIED","18,323,000",""
"SURVEY","2022","YEAR","","STATE","WISCONSIN","55","","","","","","","00000000","","MILK","MILK - SALES, MEASURED IN $","TOTAL","NOT SPECIFIED","7,781,718,000",""
"SURVEY","2022","YEAR","","STATE","WYOMING","56","","","","","","","00000000","","MILK","MILK - SALES, MEASURED IN $","TOTAL","NOT SPECIFIED","61,217,000",""
"SURVEY","2021","YEAR","","STATE","ALABAMA","01","","","","","","","00000000","","MILK","MILK - SALES, MEASURED IN $","TOTAL","NOT SPECIFIED","7,334,000",""
"SURVEY","2021","YEAR","","STATE","ARIZONA","04","","","","","","","00000000","","MILK","MILK - SALES, MEASURED IN $","TOTAL","NOT SPECIFIED","845,856,000",""
"SURVEY","2021","YEAR","","STATE","ARKANSAS","05","","","","","","","00000000","","MILK","MILK - SALES, MEASURED IN $","TOTAL","NOT SPECIFIED","11,033,000",""
"SURVEY","2021","YEAR","","STATE","CALIFORNIA","06","","","","","","","00000000","","MILK","MILK - SALES, MEASURED IN $","TOTAL","NOT SPECIFIED","7,571,411,000",""
"SURVEY","2021","YEAR","","STATE","COLORADO","08","","","","","","","00000000","","MILK","MILK - SALES, MEASURED IN $","TOTAL","NOT SPECIFIED","982,498,000",""
"SURVEY","2021","YEAR","","STATE","CONNECTICUT","09","","","","","","","00000000","","MILK","MILK - SALES, MEASURED IN $","TOTAL","NOT SPECIFIED","82,752,000",""
"SURVEY","2021","YEAR","","STATE","DELAWARE","10","","","","","","","00000000","","MILK","MILK - SALES, MEASURED IN $","TOTAL","NOT SPECIFIED","9,129,000",""
"SURVEY","2021","YEAR","","STATE","FLORIDA","12","","","","","","","00000000","","MILK","MILK - SALES, MEASURED IN $","TOTAL","NOT SPECIFIED","469,805,000",""
"SURVEY","2021","YEAR","","STATE","GEORGIA","13","","","","","","","00000000","","MILK","MILK - SALES, MEASURED IN $","TOTAL","NOT SPECIFIED","366,950,000",""
"SURVEY","2021","YEAR","","STATE","IDAHO","16","","","","","","","00000000","","MILK","MILK - SALES, MEASURED IN $","TOTAL","NOT SPECIFIED","3,062,312,000",""
"SURVEY","2021","YEAR","","STATE","ILLINOIS","17","","","","","","","00000000","","MILK","MILK - SALES, MEASURED IN $","TOTAL","NOT SPECIFIED","320,320,000",""
"SURVEY","2021","YEAR","","STATE","INDIANA","18","","","","","","","00000000","","MILK","MILK - SALES, MEASURED IN $","TOTAL","NOT SPECIFIED","834,165,000",""
"SURVEY","2021","YEAR","","STATE","IOWA","19","","","","","","","00000000","","MILK","MILK - SALES, MEASURED IN $","TOTAL","NOT SPECIFIED","1,037,572,000",""
"SURVEY","2021","YEAR","","STATE","KANSAS","20","","","","","","","00000000","","MILK","MILK - SALES, MEASURED IN $","TOTAL","NOT SPECIFIED","694,450,000",""
"SURVEY","2021","YEAR","","STATE","KENTUCKY","21","","","","","","","00000000","","MILK","MILK - SALES, MEASURED IN $","TOTAL","NOT SPECIFIED","174,086,000",""
"SURVEY","2021","YEAR","","STATE","LOUISIANA","22","","","","","","","00000000","","MILK","MILK - SALES, MEASURED IN $","TOTAL","NOT SPECIFIED","23,001,000",""
"SURVEY","2021","YEAR","","STATE","MAINE","23","","","","","","","00000000","","MILK","MILK - SALES, MEASURED IN $","TOTAL","NOT SPECIFIED","111,699,000",""
"SURVEY","2021","YEAR","","STATE","MARYLAND","24","","","","","","","00000000","","MILK","MILK - SALES, MEASURED IN $","TOTAL","NOT SPECIFIED","157,108,000",""
"SURVEY","2021","YEAR","","STATE","MASSACHUSETTS","25","","","","","","","00000000","","MILK","MILK - SALES, MEASURED IN $","TOTAL","NOT SPECIFIED","37,248,000",""
"SURVEY","2021","YEAR","","STATE","MICHIGAN","26","","","","","","","00000000","","MILK","MILK - SALES, MEASURED IN $","TOTAL","NOT SPECIFIED","2,090,000,000",""
"SURVEY","2021","YEAR","","STATE","MINNESOTA","27","","","","","","","00000000","","MILK","MILK - SALES, MEASURED IN $","TOTAL","NOT SPECIFIED","1,983,220,000",""
"SURVEY","2021","YEAR","","STATE","MISSISSIPPI","28","","","","","","","00000000","","MILK","MILK - SALES, MEASURED IN $","TOTAL","NOT SPECIFIED","20,488,000",""
"SURVEY","2021","YEAR","","STATE","MISSOURI","29","","","","","","","00000000","","MILK","MILK - SALES, MEASURED IN $","TOTAL","NOT SPECIFIED","186,308,000",""
"SURVEY","2021","YEAR","","STATE","MONTANA","30","","","","","","","00000000","","MILK","MILK - SALES, MEASURED IN $","TOTAL","NOT SPECIFIED","43,078,000",""
"SURVEY","2021","YEAR","","STATE","NEBRASKA","31","","","","","","","00000000","","MILK","MILK - SALES, MEASURED IN $","TOTAL","NOT SPECIFIED","262,145,000",""
"SURVEY","2021","YEAR","","STATE","NEVADA","32","","","","","","","00000000","","MILK","MILK - SALES, MEASURED IN $","TOTAL","NOT SPECIFIED","151,432,000",""
"SURVEY","2021","YEAR","","STATE","NEW HAMPSHIRE","33","","","","","","","00000000","","MILK","MILK - SALES, MEASURED IN $","TOTAL","NOT SPECIFIED","42,750,000",""
"SURVEY","2021","YEAR","","STATE","NEW JERSEY","34","","","","","","","00000000","","MILK","MILK - SALES, MEASURED IN $","TOTAL","NOT SPECIFIED","15,996,000",""
"SURVEY","2021","YEAR","","STATE","NEW MEXICO","35","","","","","","","00000000","","MILK","MILK - SALES, MEASURED IN $","TOTAL","NOT SPECIFIED","1,258,686,000",""
"SURVEY","2021","YEAR","","STATE","NEW YORK","36","","","","","","","00000000","","MILK","MILK - SALES, MEASURED IN $","TOTAL","NOT SPECIFIED","2,925,153,000",""
"SURVEY","2021","YEAR","","STATE","NORTH CAROLINA","37","","","","","","","00000000","","MILK","MILK - SALES, MEASURED IN $","TOTAL","NOT SPECIFIED","175,823,000",""
"SURVEY","2021","YEAR","","STATE","NORTH DAKOTA","38","","","","","","","00000000","","MILK","MILK - SALES, MEASURED IN $","TOTAL","NOT SPECIFIED","63,690,000",""
"SURVEY","2021","YEAR","","STATE","OHIO","39","","","","","","","00000000","","MILK","MILK - SALES, MEASURED IN $","TOTAL","NOT SPECIFIED","1,066,660,000",""
"SURVEY","2021","YEAR","","STATE","OKLAHOMA","40","","","","","","","00000000","","MILK","MILK - SALES, MEASURED IN $","TOTAL","NOT SPECIFIED","141,303,000",""
"SURVEY","2021","YEAR","","STATE","OREGON","41","","","","","","","00000000","","MILK","MILK - SALES, MEASURED IN $","TOTAL","NOT SPECIFIED","546,210,000",""
"SURVEY","2021","YEAR","","STATE","OTHER STATES","","","","","","","","00000000","","MILK","MILK - SALES, MEASURED IN $","TOTAL","NOT SPECIFIED","1,481,000",""
"SURVEY","2021","YEAR","","STATE","PENNSYLVANIA","42","","","","","","","00000000","","MILK","MILK - SALES, MEASURED IN $","TOTAL","NOT SPECIFIED","1,916,494,000",""
"SURVEY","2021","YEAR","","STATE","RHODE ISLAND","44","","","","","","","00000000","","MILK","MILK - SALES, MEASURED IN $","TOTAL","NOT SPECIFIED","1,900,000",""
"SURVEY","2021","YEAR","","STATE","SOUTH CAROLINA","45","","","","","","","00000000","","MILK","MILK - SALES, MEASURED IN $","TOTAL","NOT SPECIFIED","31,758,000",""
"SURVEY","2021","YEAR","","STATE","SOUTH DAKOTA","46","","","","","","","00000000","","MILK","MILK - SALES, MEASURED IN $","TOTAL","NOT SPECIFIED","725,786,000",""
"SURVEY","2021","YEAR","","STATE","TENNESSEE","47","","","","","","","00000000","","MILK","MILK - SALES, MEASURED IN $","TOTAL","NOT SPECIFIED","97,079,000",""
"SURVEY","2021","YEAR","","STATE","TEXAS","48","","","","","","","00000000","","MILK","MILK - SALES, MEASURED IN $","TOTAL","NOT SPECIFIED","2,833,922,000",""
"SURVEY","2021","YEAR","","STATE","UTAH","49","","","","","","","00000000","","MILK","MILK - SALES, MEASURED IN $","TOTAL","NOT SPECIFIED","408,665,000",""
"SURVEY","2021","YEAR","","STATE","VERMONT","50","","","","","","","00000000","","MILK","MILK - SALES, MEASURED IN $","TOTAL","NOT SPECIFIED","494,700,000",""
"SURVEY","2021","YEAR","","STATE","VIRGINIA","51","","","","","","","00000000","","MILK","MILK - SALES, MEASURED IN $","TOTAL","NOT SPECIFIED","297,840,000",""
"SURVEY","2021","YEAR","","STATE","WASHINGTON","53","","","","","","","00000000","","MILK","MILK - SALES, MEASURED IN $","TOTAL","NOT SPECIFIED","1,206,024,000",""
"SURVEY","2021","YEAR","","STATE","WEST VIRGINIA","54","","","","","","","00000000","","MILK","MILK - SALES, MEASURED IN $","TOTAL","NOT SPECIFIED","13,213,000",""
"SURVEY","2021","YEAR","","STATE","WISCONSIN","55","","","","","","","00000000","","MILK","MILK - SALES, MEASURED IN $","TOTAL","NOT SPECIFIED","5,913,916,000",""
"SURVEY","2021","YEAR","","STATE","WYOMING","56","","","","","","","00000000","","MILK","MILK - SALES, MEASURED IN $","TOTAL","NOT SPECIFIED","41,153,000",""
"SURVEY","2020","YEAR","","STATE","ALABAMA","01","","","","","","","00000000","","MILK","MILK - SALES, MEASURED IN $","TOTAL","NOT SPECIFIED","7,869,000",""
"SURVEY","2020","YEAR","","STATE","ARIZONA","04","","","","","","","00000000","","MILK","MILK - SALES, MEASURED IN $","TOTAL","NOT SPECIFIED","789,750,000",""
"SURVEY","2020","YEAR","","STATE","ARKANSAS","05","","","","","","","00000000","","MILK","MILK - SALES, MEASURED IN $","TOTAL","NOT SPECIFIED","11,036,000",""
"SURVEY","2020","YEAR","","STATE","CALIFORNIA","06","","","","","","","00000000","","MILK","MILK - SALES, MEASURED IN $","TOTAL","NOT SPECIFIED","7,265,456,000",""
"SURVEY","2020","YEAR","","STATE","COLORADO","08","","","","","","","00000000","","MILK","MILK - SALES, MEASURED IN $","TOTAL","NOT SPECIFIED","892,098,000",""
"SURVEY","2020","YEAR","","STATE","CONNECTICUT","09","","","","","","","00000000","","MILK","MILK - SALES, MEASURED IN $","TOTAL","NOT SPECIFIED","78,120,000",""
"SURVEY","2020","YEAR","","STATE","DELAWARE","10","","","","","","","00000000","","MILK","MILK - SALES, MEASURED IN $","TOTAL","NOT SPECIFIED","11,885,000",""
"SURVEY","2020","YEAR","","STATE","FLORIDA","12","","","","","","","00000000","","MILK","MILK - SALES, MEASURED IN $","TOTAL","NOT SPECIFIED","485,853,000",""
"SURVEY","2020","YEAR","","STATE","GEORGIA","13","","","","","","","00000000","","MILK","MILK - SALES, MEASURED IN $","TOTAL","NOT SPECIFIED","348,876,000",""
"SURVEY","2020","YEAR","","STATE","IDAHO","16","","","","","","","00000000","","MILK","MILK - SALES, MEASURED IN $","TOTAL","NOT SPECIFIED","2,979,144,000",""
"SURVEY","2020","YEAR","","STATE","ILLINOIS","17","","","","","","","00000000","","MILK","MILK - SALES, MEASURED IN $","TOTAL","NOT SPECIFIED","320,220,000",""
"SURVEY","2020","YEAR","","STATE","INDIANA","18","","","","","","","00000000","","MILK","MILK - SALES, MEASURED IN $","TOTAL","NOT SPECIFIED","748,896,000",""
"SURVEY","2020","YEAR","","STATE","IOWA","19","","","","","","","00000000","","MILK","MILK - SALES, MEASURED IN $","TOTAL","NOT SPECIFIED","1,044,420,000",""
"SURVEY","2020","YEAR","","STATE","KANSAS","20","","","","","","","00000000","","MILK","MILK - SALES, MEASURED IN $","TOTAL","NOT SPECIFIED","686,223,000",""
"SURVEY","2020","YEAR","","STATE","KENTUCKY","21","","","","","","","00000000","","MILK","MILK - SALES, MEASURED IN $","TOTAL","NOT SPECIFIED","174,284,000",""
"SURVEY","2020","YEAR","","STATE","LOUISIANA","22","","","","","","","00000000","","MILK","MILK - SALES, MEASURED IN $","TOTAL","NOT SPECIFIED","24,497,000",""
"SURVEY","2020","YEAR","","STATE","MAINE","23","","","","","","","00000000","","MILK","MILK - SALES, MEASURED IN $","TOTAL","NOT SPECIFIED","113,878,000",""
"SURVEY","2020","YEAR","","STATE","MARYLAND","24","","","","","","","00000000","","MILK","MILK - SALES, MEASURED IN $","TOTAL","NOT SPECIFIED","151,902,000",""
"SURVEY","2020","YEAR","","STATE","MASSACHUSETTS","25","","","","","","","00000000","","MILK","MILK - SALES, MEASURED IN $","TOTAL","NOT SPECIFIED","36,051,000",""
"SURVEY","2020","YEAR","","STATE","MICHIGAN","26","","","","","","","00000000","","MILK","MILK - SALES, MEASURED IN $","TOTAL","NOT SPECIFIED","1,907,156,000",""
"SURVEY","2020","YEAR","","STATE","MINNESOTA","27","","","","","","","00000000","","MILK","MILK - SALES, MEASURED IN $","TOTAL","NOT SPECIFIED","2,023,065,000",""
"SURVEY","2020","YEAR","","STATE","MISSISSIPPI","28","","","","","","","00000000","","MILK","MILK - SALES, MEASURED IN $","TOTAL","NOT SPECIFIED","24,510,000",""
"SURVEY","2020","YEAR","","STATE","MISSOURI","29","","","","","","","00000000","","MILK","MILK - SALES, MEASURED IN $","TOTAL","NOT SPECIFIED","190,814,000",""
"SURVEY","2020","YEAR","","STATE","MONTANA","30","","","","","","","00000000","","MILK","MILK - SALES, MEASURED IN $","TOTAL","NOT SPECIFIED","46,128,000",""
"SURVEY","2020","YEAR","","STATE","NEBRASKA","31","","","","","","","00000000","","MILK","MILK - SALES, MEASURED IN $","TOTAL","NOT SPECIFIED","264,446,000",""
"SURVEY","2020","YEAR","","STATE","NEVADA","32","","","","","","","00000000","","MILK","MILK - SALES, MEASURED IN $","TOTAL","NOT SPECIFIED","144,115,000",""
"SURVEY","2020","YEAR","","STATE","NEW HAMPSHIRE","33","","","","","","","00000000","","MILK","MILK - SALES, MEASURED IN $","TOTAL","NOT SPECIFIED","42,120,000",""
"SURVEY","2020","YEAR","","STATE","NEW JERSEY","34","","","","","","","00000000","","MILK","MILK - SALES, MEASURED IN $","TOTAL","NOT SPECIFIED","16,856,000",""
"SURVEY","2020","YEAR","","STATE","NEW MEXICO","35","","","","","","","00000000","","MILK","MILK - SALES, MEASURED IN $","TOTAL","NOT SPECIFIED","1,319,974,000",""
"SURVEY","2020","YEAR","","STATE","NEW YORK","36","","","","","","","00000000","","MILK","MILK - SALES, MEASURED IN $","TOTAL","NOT SPECIFIED","2,696,241,000",""
"SURVEY","2020","YEAR","","STATE","NORTH CAROLINA","37","","","","","","","00000000","","MILK","MILK - SALES, MEASURED IN $","TOTAL","NOT SPECIFIED","167,132,000",""
"SURVEY","2020","YEAR","","STATE","NORTH DAKOTA","38","","","","","","","00000000","","MILK","MILK - SALES, MEASURED IN $","TOTAL","NOT SPECIFIED","64,277,000",""
"SURVEY","2020","YEAR","","STATE","OHIO","39","","","","","","","00000000","","MILK","MILK - SALES, MEASURED IN $","TOTAL","NOT SPECIFIED","1,020,408,000",""
"SURVEY","2020","YEAR","","STATE","OKLAHOMA","40","","","","","","","00000000","","MILK","MILK - SALES, MEASURED IN $","TOTAL","NOT SPECIFIED","137,560,000",""
"SURVEY","2020","YEAR","","STATE","OREGON","41","","","","","","","00000000","","MILK","MILK - SALES, MEASURED IN $","TOTAL","NOT SPECIFIED","554,380,000",""
"SURVEY","2020","YEAR","","STATE","OTHER STATES","","","","","","","","00000000","","MILK","MILK - SALES, MEASURED IN $","TOTAL","NOT SPECIFIED","1,086,000",""
"SURVEY","2020","YEAR","","STATE","PENNSYLVANIA","42","","","","","","","00000000","","MILK","MILK - SALES, MEASURED IN $","TOTAL","NOT SPECIFIED","1,856,036,000",""
"SURVEY","2020","YEAR","","STATE","RHODE ISLAND","44","","","","","","","00000000","","MILK","MILK - SALES, MEASURED IN $","TOTAL","NOT SPECIFIED","1,890,000",""
"SURVEY","2020","YEAR","","STATE","SOUTH CAROLINA","45","","","","","","","00000000","","MILK","MILK - SALES, MEASURED IN $","TOTAL","NOT SPECIFIED","35,512,000",""
"SURVEY","2020","YEAR","","STATE","SOUTH DAKOTA","46","","","","","","","00000000","","MILK","MILK - SALES, MEASURED IN $","TOTAL","NOT SPECIFIED","641,072,000",""
"SURVEY","2020","YEAR","","STATE","TENNESSEE","47","","","","","","","00000000","","MILK","MILK - SALES, MEASURED IN $","TOTAL","NOT SPECIFIED","100,768,000",""
"SURVEY","2020","YEAR","","STATE","TEXAS","48","","","","","","","00000000","","MILK","MILK - SALES, MEASURED IN $","TOTAL","NOT SPECIFIED","2,757,636,000",""
"SURVEY","2020","YEAR","","STATE","UTAH","49","","","","","","","00000000","","MILK","MILK - SALES, MEASURED IN $","TOTAL","NOT SPECIFIED","402,766,000",""
"SURVEY","2020","YEAR","","STATE","VERMONT","50","","","","","","","00000000","","MILK","MILK - SALES, MEASURED IN $","TOTAL","NOT SPECIFIED","473,238,000",""
"SURVEY","2020","YEAR","","STATE","VIRGINIA","51","","","","","","","00000000","","MILK","MILK - SALES, MEASURED IN $","TOTAL","NOT SPECIFIED","297,667,000",""
"SURVEY","2020","YEAR","","STATE","WASHINGTON","53","","","","","","","00000000","","MILK","MILK - SALES, MEASURED IN $","TOTAL","NOT SPECIFIED","1,189,475,000",""
"SURVEY","2020","YEAR","","STATE","WEST VIRGINIA","54","","","","","","","00000000","","MILK","MILK - SALES, MEASURED IN $","TOTAL","NOT SPECIFIED","15,225,000",""
"SURVEY","2020","YEAR","","STATE","WISCONSIN","55","","","","","","","00000000","","MILK","MILK - SALES, MEASURED IN $","TOTAL","NOT SPECIFIED","5,763,366,000",""
"SURVEY","2020","YEAR","","STATE","WYOMING","56","","","","","","","00000000","","MILK","MILK - SALES, MEASURED IN $","TOTAL","NOT SPECIFIED","31,671,000",""
"SURVEY","2019","YEAR","","STATE","ALABAMA","01","","","","","","","00000000","","MILK","MILK - SALES, MEASURED IN $","TOTAL","NOT SPECIFIED","10,974,000",""
"SURVEY","2019","YEAR","","STATE","ARIZONA","04","","","","","","","00000000","","MILK","MILK - SALES, MEASURED IN $","TOTAL","NOT SPECIFIED","851,503,000",""
"SURVEY","2019","YEAR","","STATE","ARKANSAS","05","","","","","","","00000000","","MILK","MILK - SALES, MEASURED IN $","TOTAL","NOT SPECIFIED","12,025,000",""
"SURVEY","2019","YEAR","","STATE","CALIFORNIA","06","","","","","","","00000000","","MILK","MILK - SALES, MEASURED IN $","TOTAL","NOT SPECIFIED","7,384,650,000",""
"SURVEY","2019","YEAR","","STATE","COLORADO","08","","","","","","","00000000","","MILK","MILK - SALES, MEASURED IN $","TOTAL","NOT SPECIFIED","899,580,000",""
"SURVEY","2019","YEAR","","STATE","CONNECTICUT","09","","","","","","","00000000","","MILK","MILK - SALES, MEASURED IN $","TOTAL","NOT SPECIFIED","81,600,000",""
"SURVEY","2019","YEAR","","STATE","DELAWARE","10","","","","","","","00000000","","MILK","MILK - SALES, MEASURED IN $","TOTAL","NOT SPECIFIED","13,304,000",""
"SURVEY","2019","YEAR","","STATE","FLORIDA","12","","","","","","","00000000","","MILK","MILK - SALES, MEASURED IN $","TOTAL","NOT SPECIFIED","512,679,000",""
"SURVEY","2019","YEAR","","STATE","GEORGIA","13","","","","","","","00000000","","MILK","MILK - SALES, MEASURED IN $","TOTAL","NOT SPECIFIED","352,600,000",""
"SURVEY","2019","YEAR","","STATE","IDAHO","16","","","","","","","00000000","","MILK","MILK - SALES, MEASURED IN $","TOTAL","NOT SPECIFIED","2,854,800,000",""
"SURVEY","2019","YEAR","","STATE","ILLINOIS","17","","","","","","","00000000","","MILK","MILK - SALES, MEASURED IN $","TOTAL","NOT SPECIFIED","324,632,000",""
"SURVEY","2019","YEAR","","STATE","INDIANA","18","","","","","","","00000000","","MILK","MILK - SALES, MEASURED IN $","TOTAL","NOT SPECIFIED","736,918,000",""
"SURVEY","2019","YEAR","","STATE","IOWA","19","","","","","","","00000000","","MILK","MILK - SALES, MEASURED IN $","TOTAL","NOT SPECIFIED","1,023,350,000",""
"SURVEY","2019","YEAR","","STATE","KANSAS","20","","","","","","","00000000","","MILK","MILK - SALES, MEASURED IN $","TOTAL","NOT SPECIFIED","665,700,000",""
"SURVEY","2019","YEAR","","STATE","KENTUCKY","21","","","","","","","00000000","","MILK","MILK - SALES, MEASURED IN $","TOTAL","NOT SPECIFIED","182,520,000",""
"SURVEY","2019","YEAR","","STATE","LOUISIANA","22","","","","","","","00000000","","MILK","MILK - SALES, MEASURED IN $","TOTAL","NOT SPECIFIED","25,403,000",""
"SURVEY","2019","YEAR","","STATE","MAINE","23","","","","","","","00000000","","MILK","MILK - SALES, MEASURED IN $","TOTAL","NOT SPECIFIED","122,783,000",""
"SURVEY","2019","YEAR","","STATE","MARYLAND","24","","","","","","","00000000","","MILK","MILK - SALES, MEASURED IN $","TOTAL","NOT SPECIFIED","153,088,000",""
"SURVEY","2019","YEAR","","STATE","MASSACHUSETTS","25","","","","","","","00000000","","MILK","MILK - SALES, MEASURED IN $","TOTAL","NOT SPECIFIED","37,050,000",""
"SURVEY","2019","YEAR","","STATE","MICHIGAN","26","","","","","","","00000000","","MILK","MILK - SALES, MEASURED IN $","TOTAL","NOT SPECIFIED","1,963,031,000",""
"SURVEY","2019","YEAR","","STATE","MINNESOTA","27","","","","","","","00000000","","MILK","MILK - SALES, MEASURED IN $","TOTAL","NOT SPECIFIED","1,895,839,000",""
"SURVEY","2019","YEAR","","STATE","MISSISSIPPI","28","","","","","","","00000000","","MILK","MILK - SALES, MEASURED IN $","TOTAL","NOT SPECIFIED","24,304,000",""
"SURVEY","2019","YEAR","","STATE","MISSOURI","29","","","","","","","00000000","","MILK","MILK - SALES, MEASURED IN $","TOTAL","NOT SPECIFIED","205,390,000",""
"SURVEY","2019","YEAR","","STATE","MONTANA","30","","","","","","","00000000","","MILK","MILK - SALES, MEASURED IN $","TOTAL","NOT SPECIFIED","46,482,000",""
"SURVEY","2019","YEAR","","STATE","NEBRASKA","31","","","","","","","00000000","","MILK","MILK - SALES, MEASURED IN $","TOTAL","NOT SPECIFIED","257,968,000",""
"SURVEY","2019","YEAR","","STATE","NEVADA","32","","","","","","","00000000","","MILK","MILK - SALES, MEASURED IN $","TOTAL","NOT SPECIFIED","141,174,000",""
"SURVEY","2019","YEAR","","STATE","NEW HAMPSHIRE","33","","","","","","","00000000","","MILK","MILK - SALES, MEASURED IN $","TOTAL","NOT SPECIFIED","45,504,000",""
"SURVEY","2019","YEAR","","STATE","NEW JERSEY","34","","","","","","","00000000","","MILK","MILK - SALES, MEASURED IN $","TOTAL","NOT SPECIFIED","17,934,000",""
"SURVEY","2019","YEAR","","STATE","NEW MEXICO","35","","","","","","","00000000","","MILK","MILK - SALES, MEASURED IN $","TOTAL","NOT SPECIFIED","1,380,400,000",""
"SURVEY","2019","YEAR","","STATE","NEW YORK","36","","","","","","","00000000","","MILK","MILK - SALES, MEASURED IN $","TOTAL","NOT SPECIFIED","2,847,096,000",""
"SURVEY","2019","YEAR","","STATE","NORTH CAROLINA","37","","","","","","","00000000","","MILK","MILK - SALES, MEASURED IN $","TOTAL","NOT SPECIFIED","172,928,000",""
"SURVEY","2019","YEAR","","STATE","NORTH DAKOTA","38","","","","","","","00000000","","MILK","MILK - SALES, MEASURED IN $","TOTAL","NOT SPECIFIED","62,595,000",""
"SURVEY","2019","YEAR","","STATE","OHIO","39","","","","","","","00000000","","MILK","MILK - SALES, MEASURED IN $","TOTAL","NOT SPECIFIED","1,009,052,000",""
"SURVEY","2019","YEAR","","STATE","OKLAHOMA","40","","","","","","","00000000","","MILK","MILK - SALES, MEASURED IN $","TOTAL","NOT SPECIFIED","144,632,000",""
"SURVEY","2019","YEAR","","STATE","OREGON","41","","","","","","","00000000","","MILK","MILK - SALES, MEASURED IN $","TOTAL","NOT SPECIFIED","556,356,000",""
"SURVEY","2019","YEAR","","STATE","OTHER STATES","","","","","","","","00000000","","MILK","MILK - SALES, MEASURED IN $","TOTAL","NOT SPECIFIED","1,155,000",""
"SURVEY","2019","YEAR","","STATE","PENNSYLVANIA","42","","","","","","","00000000","","MILK","MILK - SALES, MEASURED IN $","TOTAL","NOT SPECIFIED","1,935,404,000",""
"SURVEY","2019","YEAR","","STATE","RHODE ISLAND","44","","","","","","","00000000","","MILK","MILK - SALES, MEASURED IN $","TOTAL","NOT SPECIFIED","2,006,000",""
"SURVEY","2019","YEAR","","STATE","SOUTH CAROLINA","45","","","","","","","00000000","","MILK","MILK - SALES, MEASURED IN $","TOTAL","NOT SPECIFIED","38,964,000",""
"SURVEY","2019","YEAR","","STATE","SOUTH DAKOTA","46","","","","","","","00000000","","MILK","MILK - SALES, MEASURED IN $","TOTAL","NOT SPECIFIED","563,202,000",""
"SURVEY","2019","YEAR","","STATE","TENNESSEE","47","","","","","","","00000000","","MILK","MILK - SALES, MEASURED IN $","TOTAL","NOT SPECIFIED","105,924,000",""
"SURVEY","2019","YEAR","","STATE","TEXAS","48","","","","","","","00000000","","MILK","MILK - SALES, MEASURED IN $","TOTAL","NOT SPECIFIED","2,640,193,000",""
"SURVEY","2019","YEAR","","STATE","UTAH","49","","","","","","","00000000","","MILK","MILK - SALES, MEASURED IN $","TOTAL","NOT SPECIFIED","415,510,000",""
"SURVEY","2019","YEAR","","STATE","VERMONT","50","","","","","","","00000000","","MILK","MILK - SALES, MEASURED IN $","TOTAL","NOT SPECIFIED","514,752,000",""
"SURVEY","2019","YEAR","","STATE","VIRGINIA","51","","","","","","","00000000","","MILK","MILK - SALES, MEASURED IN $","TOTAL","NOT SPECIFIED","290,080,000",""
"SURVEY","2019","YEAR","","STATE","WASHINGTON","53","","","","","","","00000000","","MILK","MILK - SALES, MEASURED IN $","TOTAL","NOT SPECIFIED","1,278,396,000",""
"SURVEY","2019","YEAR","","STATE","WEST VIRGINIA","54","","","","","","","00000000","","MILK","MILK - SALES, MEASURED IN $","TOTAL","NOT SPECIFIED","16,192,000",""
"SURVEY","2019","YEAR","","STATE","WISCONSIN","55","","","","","","","00000000","","MILK","MILK - SALES, MEASURED IN $","TOTAL","NOT SPECIFIED","5,702,980,000",""
"SURVEY","2019","YEAR","","STATE","WYOMING","56","","","","","","","00000000","","MILK","MILK - SALES, MEASURED IN $","TOTAL","NOT SPECIFIED","26,118,000",""
"SURVEY","2018","YEAR","","STATE","ALABAMA","01","","","","","","","00000000","","MILK","MILK - SALES, MEASURED IN $","TOTAL","NOT SPECIFIED","11,952,000",""
"SURVEY","2018","YEAR","","STATE","ALASKA","02","","","","","","","00000000","","MILK","MILK - SALES, MEASURED IN $","TOTAL","NOT SPECIFIED","506,000",""
"SURVEY","2018","YEAR","","STATE","ARIZONA","04","","","","","","","00000000","","MILK","MILK - SALES, MEASURED IN $","TOTAL","NOT SPECIFIED","768,490,000",""
"SURVEY","2018","YEAR","","STATE","ARKANSAS","05","","","","","","","00000000","","MILK","MILK - SALES, MEASURED IN $","TOTAL","NOT SPECIFIED","12,410,000",""
"SURVEY","2018","YEAR","","STATE","CALIFORNIA","06","","","","","","","00000000","","MILK","MILK - SALES, MEASURED IN $","TOTAL","NOT SPECIFIED","6,373,542,000",""
"SURVEY","2018","YEAR","","STATE","COLORADO","08","","","","","","","00000000","","MILK","MILK - SALES, MEASURED IN $","TOTAL","NOT SPECIFIED","757,345,000",""
"SURVEY","2018","YEAR","","STATE","CONNECTICUT","09","","","","","","","00000000","","MILK","MILK - SALES, MEASURED IN $","TOTAL","NOT SPECIFIED","72,504,000",""
"SURVEY","2018","YEAR","","STATE","DELAWARE","10","","","","","","","00000000","","MILK","MILK - SALES, MEASURED IN $","TOTAL","NOT SPECIFIED","14,571,000",""
"SURVEY","2018","YEAR","","STATE","FLORIDA","12","","","","","","","00000000","","MILK","MILK - SALES, MEASURED IN $","TOTAL","NOT SPECIFIED","472,426,000",""
"SURVEY","2018","YEAR","","STATE","GEORGIA","13","","","","","","","00000000","","MILK","MILK - SALES, MEASURED IN $","TOTAL","NOT SPECIFIED","300,618,000",""
"SURVEY","2018","YEAR","","STATE","HAWAII","15","","","","","","","00000000","","MILK","MILK - SALES, MEASURED IN $","TOTAL","NOT SPECIFIED","9,436,000",""
"SURVEY","2018","YEAR","","STATE","IDAHO","16","","","","","","","00000000","","MILK","MILK - SALES, MEASURED IN $","TOTAL","NOT SPECIFIED","2,373,369,000",""
"SURVEY","2018","YEAR","","STATE","ILLINOIS","17","","","","","","","00000000","","MILK","MILK - SALES, MEASURED IN $","TOTAL","NOT SPECIFIED","309,375,000",""
"SURVEY","2018","YEAR","","STATE","INDIANA","18","","","","","","","00000000","","MILK","MILK - SALES, MEASURED IN $","TOTAL","NOT SPECIFIED","649,509,000",""
"SURVEY","2018","YEAR","","STATE","IOWA","19","","","","","","","00000000","","MILK","MILK - SALES, MEASURED IN $","TOTAL","NOT SPECIFIED","866,745,000",""
"SURVEY","2018","YEAR","","STATE","KANSAS","20","","","","","","","00000000","","MILK","MILK - SALES, MEASURED IN $","TOTAL","NOT SPECIFIED","565,029,000",""
"SURVEY","2018","YEAR","","STATE","KENTUCKY","21","","","","","","","00000000","","MILK","MILK - SALES, MEASURED IN $","TOTAL","NOT SPECIFIED","175,350,000",""
"SURVEY","2018","YEAR","","STATE","LOUISIANA","22","","","","","","","00000000","","MILK","MILK - SALES, MEASURED IN $","TOTAL","NOT SPECIFIED","25,628,000",""
"SURVEY","2018","YEAR","","STATE","MAINE","23","","","","","","","00000000","","MILK","MILK - SALES, MEASURED IN $","TOTAL","NOT SPECIFIED","109,906,000",""
"SURVEY","2018","YEAR","","STATE","MARYLAND","24","","","","","","","00000000","","MILK","MILK - SALES, MEASURED IN $","TOTAL","NOT SPECIFIED","148,554,000",""
"SURVEY","2018","YEAR","","STATE","MASSACHUSETTS","25","","","","","","","00000000","","MILK","MILK - SALES, MEASURED IN $","TOTAL","NOT SPECIFIED","34,800,000",""
"SURVEY","2018","YEAR","","STATE","MICHIGAN","26","","","","","","","00000000","","MILK","MILK - SALES, MEASURED IN $","TOTAL","NOT SPECIFIED","1,658,370,000",""
"SURVEY","2018","YEAR","","STATE","MINNESOTA","27","","","","","","","00000000","","MILK","MILK - SALES, MEASURED IN $","TOTAL","NOT SPECIFIED","1,611,885,000",""
"SURVEY","2018","YEAR","","STATE","MISSISSIPPI","28","","","","","","","00000000","","MILK","MILK - SALES, MEASURED IN $","TOTAL","NOT SPECIFIED","21,717,000",""
"SURVEY","2018","YEAR","","STATE","MISSOURI","29","","","","","","","00000000","","MILK","MILK - SALES, MEASURED IN $","TOTAL","NOT SPECIFIED","197,730,000",""
"SURVEY","2018","YEAR","","STATE","MONTANA","30","","","","","","","00000000","","MILK","MILK - SALES, MEASURED IN $","TOTAL","NOT SPECIFIED","43,040,000",""
"SURVEY","2018","YEAR","","STATE","NEBRASKA","31","","","","","","","00000000","","MILK","MILK - SALES, MEASURED IN $","TOTAL","NOT SPECIFIED","232,146,000",""
"SURVEY","2018","YEAR","","STATE","NEVADA","32","","","","","","","00000000","","MILK","MILK - SALES, MEASURED IN $","TOTAL","NOT SPECIFIED","119,392,000",""
"SURVEY","2018","YEAR","","STATE","NEW HAMPSHIRE","33","","","","","","","00000000","","MILK","MILK - SALES, MEASURED IN $","TOTAL","NOT SPECIFIED","41,990,000",""
"SURVEY","2018","YEAR","","STATE","NEW JERSEY","34","","","","","","","00000000","","MILK","MILK - SALES, MEASURED IN $","TOTAL","NOT SPECIFIED","17,496,000",""
"SURVEY","2018","YEAR","","STATE","NEW MEXICO","35","","","","","","","00000000","","MILK","MILK - SALES, MEASURED IN $","TOTAL","NOT SPECIFIED","1,208,634,000",""
"SURVEY","2018","YEAR","","STATE","NEW YORK","36","","","","","","","00000000","","MILK","MILK - SALES, MEASURED IN $","TOTAL","NOT SPECIFIED","2,475,775,000",""
"SURVEY","2018","YEAR","","STATE","NORTH CAROLINA","37","","","","","","","00000000","","MILK","MILK - SALES, MEASURED IN $","TOTAL","NOT SPECIFIED","161,236,000",""
"SURVEY","2018","YEAR","","STATE","NORTH DAKOTA","38","","","","","","","00000000","","MILK","MILK - SALES, MEASURED IN $","TOTAL","NOT SPECIFIED","53,622,000",""
"SURVEY","2018","YEAR","","STATE","OHIO","39","","","","","","","00000000","","MILK","MILK - SALES, MEASURED IN $","TOTAL","NOT SPECIFIED","902,492,000",""
"SURVEY","2018","YEAR","","STATE","OKLAHOMA","40","","","","","","","00000000","","MILK","MILK - SALES, MEASURED IN $","TOTAL","NOT SPECIFIED","126,558,000",""
"SURVEY","2018","YEAR","","STATE","OREGON","41","","","","","","","00000000","","MILK","MILK - SALES, MEASURED IN $","TOTAL","NOT SPECIFIED","469,370,000",""
"SURVEY","2018","YEAR","","STATE","PENNSYLVANIA","42","","","","","","","00000000","","MILK","MILK - SALES, MEASURED IN $","TOTAL","NOT SPECIFIED","1,778,616,000",""
"SURVEY","2018","YEAR","","STATE","RHODE ISLAND","44","","","","","","","00000000","","MILK","MILK - SALES, MEASURED IN $","TOTAL","NOT SPECIFIED","1,961,000",""
"SURVEY","2018","YEAR","","STATE","SOUTH CAROLINA","45","","","","","","","00000000","","MILK","MILK - SALES, MEASURED IN $","TOTAL","NOT SPECIFIED","41,586,000",""
"SURVEY","2018","YEAR","","STATE","SOUTH DAKOTA","46","","","","","","","00000000","","MILK","MILK - SALES, MEASURED IN $","TOTAL","NOT SPECIFIED","466,754,000",""
"SURVEY","2018","YEAR","","STATE","TENNESSEE","47","","","","","","","00000000","","MILK","MILK - SALES, MEASURED IN $","TOTAL","NOT SPECIFIED","109,446,000",""
"SURVEY","2018","YEAR","","STATE","TEXAS","48","","","","","","","00000000","","MILK","MILK - SALES, MEASURED IN $","TOTAL","NOT SPECIFIED","2,168,608,000",""
"SURVEY","2018","YEAR","","STATE","UTAH","49","","","","","","","00000000","","MILK","MILK - SALES, MEASURED IN $","TOTAL","NOT SPECIFIED","371,588,000",""
"SURVEY","2018","YEAR","","STATE","VERMONT","50","","","","","","","00000000","","MILK","MILK - SALES, MEASURED IN $","TOTAL","NOT SPECIFIED","456,057,000",""
"SURVEY","2018","YEAR","","STATE","VIRGINIA","51","","","","","","","00000000","","MILK","MILK - SALES, MEASURED IN $","TOTAL","NOT SPECIFIED","284,375,000",""
"SURVEY","2018","YEAR","","STATE","WASHINGTON","53","","","","","","","00000000","","MILK","MILK - SALES, MEASURED IN $","TOTAL","NOT SPECIFIED","1,128,624,000",""
"SURVEY","2018","YEAR","","STATE","WEST VIRGINIA","54","","","","","","","00000000","","MILK","MILK - SALES, MEASURED IN $","TOTAL","NOT SPECIFIED","17,876,000",""
"SURVEY","2018","YEAR","","STATE","WISCONSIN","55","","","","","","","00000000","","MILK","MILK - SALES, MEASURED IN $","TOTAL","NOT SPECIFIED","5,002,800,000",""
"SURVEY","2018","YEAR","","STATE","WYOMING","56","","","","","","","00000000","","MILK","MILK - SALES, MEASURED IN $","TOTAL","NOT SPECIFIED","22,934,000",""
"SURVEY","2017","YEAR","","STATE","ALABAMA","01","","","","","","","00000000","","MILK","MILK - SALES, MEASURED IN $","TOTAL","NOT SPECIFIED","16,554,000",""
"SURVEY","2017","YEAR","","STATE","ALASKA","02","","","","","","","00000000","","MILK","MILK - SALES, MEASURED IN $","TOTAL","NOT SPECIFIED","550,000",""
"SURVEY","2017","YEAR","","STATE","ARIZONA","04","","","","","","","00000000","","MILK","MILK - SALES, MEASURED IN $","TOTAL","NOT SPECIFIED","838,173,000",""
"SURVEY","2017","YEAR","","STATE","ARKANSAS","05","","","","","","","00000000","","MILK","MILK - SALES, MEASURED IN $","TOTAL","NOT SPECIFIED","14,586,000",""
"SURVEY","2017","YEAR","","STATE","CALIFORNIA","06","","","","","","","00000000","","MILK","MILK - SALES, MEASURED IN $","TOTAL","NOT SPECIFIED","6,561,720,000",""
"SURVEY","2017","YEAR","","STATE","COLORADO","08","","","","","","","00000000","","MILK","MILK - SALES, MEASURED IN $","TOTAL","NOT SPECIFIED","754,227,000",""
"SURVEY","2017","YEAR","","STATE","CONNECTICUT","09","","","","","","","00000000","","MILK","MILK - SALES, MEASURED IN $","TOTAL","NOT SPECIFIED","77,562,000",""
"SURVEY","2017","YEAR","","STATE","DELAWARE","10","","","","","","","00000000","","MILK","MILK - SALES, MEASURED IN $","TOTAL","NOT SPECIFIED","16,157,000",""
"SURVEY","2017","YEAR","","STATE","FLORIDA","12","","","","","","","00000000","","MILK","MILK - SALES, MEASURED IN $","TOTAL","NOT SPECIFIED","535,350,000",""
"SURVEY","2017","YEAR","","STATE","GEORGIA","13","","","","","","","00000000","","MILK","MILK - SALES, MEASURED IN $","TOTAL","NOT SPECIFIED","348,080,000",""
"SURVEY","2017","YEAR","","STATE","HAWAII","15","","","","","","","00000000","","MILK","MILK - SALES, MEASURED IN $","TOTAL","NOT SPECIFIED","11,068,000",""
"SURVEY","2017","YEAR","","STATE","IDAHO","16","","","","","","","00000000","","MILK","MILK - SALES, MEASURED IN $","TOTAL","NOT SPECIFIED","2,511,372,000",""
"SURVEY","2017","YEAR","","STATE","ILLINOIS","17","","","","","","","00000000","","MILK","MILK - SALES, MEASURED IN $","TOTAL","NOT SPECIFIED","350,811,000",""
"SURVEY","2017","YEAR","","STATE","INDIANA","18","","","","","","","00000000","","MILK","MILK - SALES, MEASURED IN $","TOTAL","NOT SPECIFIED","748,356,000",""
"SURVEY","2017","YEAR","","STATE","IOWA","19","","","","","","","00000000","","MILK","MILK - SALES, MEASURED IN $","TOTAL","NOT SPECIFIED","934,503,000",""
"SURVEY","2017","YEAR","","STATE","KANSAS","20","","","","","","","00000000","","MILK","MILK - SALES, MEASURED IN $","TOTAL","NOT SPECIFIED","588,965,000",""
"SURVEY","2017","YEAR","","STATE","KENTUCKY","21","","","","","","","00000000","","MILK","MILK - SALES, MEASURED IN $","TOTAL","NOT SPECIFIED","195,615,000",""
"SURVEY","2017","YEAR","","STATE","LOUISIANA","22","","","","","","","00000000","","MILK","MILK - SALES, MEASURED IN $","TOTAL","NOT SPECIFIED","29,546,000",""
"SURVEY","2017","YEAR","","STATE","MAINE","23","","","","","","","00000000","","MILK","MILK - SALES, MEASURED IN $","TOTAL","NOT SPECIFIED","122,070,000",""
"SURVEY","2017","YEAR","","STATE","MARYLAND","24","","","","","","","00000000","","MILK","MILK - SALES, MEASURED IN $","TOTAL","NOT SPECIFIED","168,744,000",""
"SURVEY","2017","YEAR","","STATE","MASSACHUSETTS","25","","","","","","","00000000","","MILK","MILK - SALES, MEASURED IN $","TOTAL","NOT SPECIFIED","39,292,000",""
"SURVEY","2017","YEAR","","STATE","MICHIGAN","26","","","","","","","00000000","","MILK","MILK - SALES, MEASURED IN $","TOTAL","NOT SPECIFIED","1,836,144,000",""
"SURVEY","2017","YEAR","","STATE","MINNESOTA","27","","","","","","","00000000","","MILK","MILK - SALES, MEASURED IN $","TOTAL","NOT SPECIFIED","1,738,704,000",""
"SURVEY","2017","YEAR","","STATE","MISSISSIPPI","28","","","","","","","00000000","","MILK","MILK - SALES, MEASURED IN $","TOTAL","NOT SPECIFIED","25,515,000",""
"SURVEY","2017","YEAR","","STATE","MISSOURI","29","","","","","","","00000000","","MILK","MILK - SALES, MEASURED IN $","TOTAL","NOT SPECIFIED","228,140,000",""
"SURVEY","2017","YEAR","","STATE","MONTANA","30","","","","","","","00000000","","MILK","MILK - SALES, MEASURED IN $","TOTAL","NOT SPECIFIED","49,525,000",""
"SURVEY","2017","YEAR","","STATE","NEBRASKA","31","","","","","","","00000000","","MILK","MILK - SALES, MEASURED IN $","TOTAL","NOT SPECIFIED","261,716,000",""
"SURVEY","2017","YEAR","","STATE","NEVADA","32","","","","","","","00000000","","MILK","MILK - SALES, MEASURED IN $","TOTAL","NOT SPECIFIED","125,837,000",""
"SURVEY","2017","YEAR","","STATE","NEW HAMPSHIRE","33","","","","","","","00000000","","MILK","MILK - SALES, MEASURED IN $","TOTAL","NOT SPECIFIED","50,135,000",""
"SURVEY","2017","YEAR","","STATE","NEW JERSEY","34","","","","","","","00000000","","MILK","MILK - SALES, MEASURED IN $","TOTAL","NOT SPECIFIED","21,411,000",""
"SURVEY","2017","YEAR","","STATE","NEW MEXICO","35","","","","","","","00000000","","MILK","MILK - SALES, MEASURED IN $","TOTAL","NOT SPECIFIED","1,331,221,000",""
"SURVEY","2017","YEAR","","STATE","NEW YORK","36","","","","","","","00000000","","MILK","MILK - SALES, MEASURED IN $","TOTAL","NOT SPECIFIED","2,706,704,000",""
"SURVEY","2017","YEAR","","STATE","NORTH CAROLINA","37","","","","","","","00000000","","MILK","MILK - SALES, MEASURED IN $","TOTAL","NOT SPECIFIED","177,848,000",""
"SURVEY","2017","YEAR","","STATE","NORTH DAKOTA","38","","","","","","","00000000","","MILK","MILK - SALES, MEASURED IN $","TOTAL","NOT SPECIFIED","59,840,000",""
"SURVEY","2017","YEAR","","STATE","OHIO","39","","","","","","","00000000","","MILK","MILK - SALES, MEASURED IN $","TOTAL","NOT SPECIFIED","1,028,560,000",""
"SURVEY","2017","YEAR","","STATE","OKLAHOMA","40","","","","","","","00000000","","MILK","MILK - SALES, MEASURED IN $","TOTAL","NOT SPECIFIED","138,432,000",""
"SURVEY","2017","YEAR","","STATE","OREGON","41","","","","","","","00000000","","MILK","MILK - SALES, MEASURED IN $","TOTAL","NOT SPECIFIED","496,584,000",""
"SURVEY","2017","YEAR","","STATE","PENNSYLVANIA","42","","","","","","","00000000","","MILK","MILK - SALES, MEASURED IN $","TOTAL","NOT SPECIFIED","2,012,148,000",""
"SURVEY","2017","YEAR","","STATE","RHODE ISLAND","44","","","","","","","00000000","","MILK","MILK - SALES, MEASURED IN $","TOTAL","NOT SPECIFIED","2,387,000",""
"SURVEY","2017","YEAR","","STATE","SOUTH CAROLINA","45","","","","","","","00000000","","MILK","MILK - SALES, MEASURED IN $","TOTAL","NOT SPECIFIED","46,795,000",""
"SURVEY","2017","YEAR","","STATE","SOUTH DAKOTA","46","","","","","","","00000000","","MILK","MILK - SALES, MEASURED IN $","TOTAL","NOT SPECIFIED","490,680,000",""
"SURVEY","2017","YEAR","","STATE","TENNESSEE","47","","","","","","","00000000","","MILK","MILK - SALES, MEASURED IN $","TOTAL","NOT SPECIFIED","130,032,000",""
"SURVEY","2017","YEAR","","STATE","TEXAS","48","","","","","","","00000000","","MILK","MILK - SALES, MEASURED IN $","TOTAL","NOT SPECIFIED","2,213,152,000",""
"SURVEY","2017","YEAR","","STATE","UTAH","49","","","","","","","00000000","","MILK","MILK - SALES, MEASURED IN $","TOTAL","NOT SPECIFIED","389,754,000",""
"SURVEY","2017","YEAR","","STATE","VERMONT","50","","","","","","","00000000","","MILK","MILK - SALES, MEASURED IN $","TOTAL","NOT SPECIFIED","504,618,000",""
"SURVEY","2017","YEAR","","STATE","VIRGINIA","51","","","","","","","00000000","","MILK","MILK - SALES, MEASURED IN $","TOTAL","NOT SPECIFIED","334,844,000",""
"SURVEY","2017","YEAR","","STATE","WASHINGTON","53","","","","","","","00000000","","MILK","MILK - SALES, MEASURED IN $","TOTAL","NOT SPECIFIED","1,185,366,000",""
"SURVEY","2017","YEAR","","STATE","WEST VIRGINIA","54","","","","","","","00000000","","MILK","MILK - SALES, MEASURED IN $","TOTAL","NOT SPECIFIED","22,320,000",""
"SURVEY","2017","YEAR","","STATE","WISCONSIN","55","","","","","","","00000000","","MILK","MILK - SALES, MEASURED IN $","TOTAL","NOT SPECIFIED","5,444,480,000",""
"SURVEY","2017","YEAR","","STATE","WYOMING","56","","","","","","","00000000","","MILK","MILK - SALES, MEASURED IN $","TOTAL","NOT SPECIFIED","24,469,000",""
"SURVEY","2016","YEAR","","STATE","ALABAMA","01","","","","","","","00000000","","MILK","MILK - SALES, MEASURED IN $","TOTAL","NOT SPECIFIED","15,903,000",""
"SURVEY","2016","YEAR","","STATE","ALASKA","02","","","","","","","00000000","","MILK","MILK - SALES, MEASURED IN $","TOTAL","NOT SPECIFIED","701,000",""
"SURVEY","2016","YEAR","","STATE","ARIZONA","04","","","","","","","00000000","","MILK","MILK - SALES, MEASURED IN $","TOTAL","NOT SPECIFIED","728,424,000",""
"SURVEY","2016","YEAR","","STATE","ARKANSAS","05","","","","","","","00000000","","MILK","MILK - SALES, MEASURED IN $","TOTAL","NOT SPECIFIED","13,280,000",""
"SURVEY","2016","YEAR","","STATE","CALIFORNIA","06","","","","","","","00000000","","MILK","MILK - SALES, MEASURED IN $","TOTAL","NOT SPECIFIED","6,065,550,000",""
"SURVEY","2016","YEAR","","STATE","COLORADO","08","","","","","","","00000000","","MILK","MILK - SALES, MEASURED IN $","TOTAL","NOT SPECIFIED","651,801,000",""
"SURVEY","2016","YEAR","","STATE","CONNECTICUT","09","","","","","","","00000000","","MILK","MILK - SALES, MEASURED IN $","TOTAL","NOT SPECIFIED","69,020,000",""
"SURVEY","2016","YEAR","","STATE","DELAWARE","10","","","","","","","00000000","","MILK","MILK - SALES, MEASURED IN $","TOTAL","NOT SPECIFIED","15,215,000",""
"SURVEY","2016","YEAR","","STATE","FLORIDA","12","","","","","","","00000000","","MILK","MILK - SALES, MEASURED IN $","TOTAL","NOT SPECIFIED","488,040,000",""
"SURVEY","2016","YEAR","","STATE","GEORGIA","13","","","","","","","00000000","","MILK","MILK - SALES, MEASURED IN $","TOTAL","NOT SPECIFIED","318,850,000",""
"SURVEY","2016","YEAR","","STATE","HAWAII","15","","","","","","","00000000","","MILK","MILK - SALES, MEASURED IN $","TOTAL","NOT SPECIFIED","9,161,000",""
"SURVEY","2016","YEAR","","STATE","IDAHO","16","","","","","","","00000000","","MILK","MILK - SALES, MEASURED IN $","TOTAL","NOT SPECIFIED","2,356,074,000",""
"SURVEY","2016","YEAR","","STATE","ILLINOIS","17","","","","","","","00000000","","MILK","MILK - SALES, MEASURED IN $","TOTAL","NOT SPECIFIED","315,400,000",""
"SURVEY","2016","YEAR","","STATE","INDIANA","18","","","","","","","00000000","","MILK","MILK - SALES, MEASURED IN $","TOTAL","NOT SPECIFIED","667,116,000",""
"SURVEY","2016","YEAR","","STATE","IOWA","19","","","","","","","00000000","","MILK","MILK - SALES, MEASURED IN $","TOTAL","NOT SPECIFIED","833,154,000",""
"SURVEY","2016","YEAR","","STATE","KANSAS","20","","","","","","","00000000","","MILK","MILK - SALES, MEASURED IN $","TOTAL","NOT SPECIFIED","530,400,000",""
"SURVEY","2016","YEAR","","STATE","KENTUCKY","21","","","","","","","00000000","","MILK","MILK - SALES, MEASURED IN $","TOTAL","NOT SPECIFIED","179,052,000",""
"SURVEY","2016","YEAR","","STATE","LOUISIANA","22","","","","","","","00000000","","MILK","MILK - SALES, MEASURED IN $","TOTAL","NOT SPECIFIED","27,889,000",""
"SURVEY","2016","YEAR","","STATE","MAINE","23","","","","","","","00000000","","MILK","MILK - SALES, MEASURED IN $","TOTAL","NOT SPECIFIED","116,436,000",""
"SURVEY","2016","YEAR","","STATE","MARYLAND","24","","","","","","","00000000","","MILK","MILK - SALES, MEASURED IN $","TOTAL","NOT SPECIFIED","156,292,000",""
"SURVEY","2016","YEAR","","STATE","MASSACHUSETTS","25","","","","","","","00000000","","MILK","MILK - SALES, MEASURED IN $","TOTAL","NOT SPECIFIED","37,887,000",""
"SURVEY","2016","YEAR","","STATE","MICHIGAN","26","","","","","","","00000000","","MILK","MILK - SALES, MEASURED IN $","TOTAL","NOT SPECIFIED","1,637,142,000",""
"SURVEY","2016","YEAR","","STATE","MINNESOTA","27","","","","","","","00000000","","MILK","MILK - SALES, MEASURED IN $","TOTAL","NOT SPECIFIED","1,606,248,000",""
"SURVEY","2016","YEAR","","STATE","MISSISSIPPI","28","","","","","","","00000000","","MILK","MILK - SALES, MEASURED IN $","TOTAL","NOT SPECIFIED","24,252,000",""
"SURVEY","2016","YEAR","","STATE","MISSOURI","29","","","","","","","00000000","","MILK","MILK - SALES, MEASURED IN $","TOTAL","NOT SPECIFIED","209,729,000",""
"SURVEY","2016","YEAR","","STATE","MONTANA","30","","","","","","","00000000","","MILK","MILK - SALES, MEASURED IN $","TOTAL","NOT SPECIFIED","45,820,000",""
"SURVEY","2016","YEAR","","STATE","NEBRASKA","31","","","","","","","00000000","","MILK","MILK - SALES, MEASURED IN $","TOTAL","NOT SPECIFIED","235,248,000",""
"SURVEY","2016","YEAR","","STATE","NEVADA","32","","","","","","","00000000","","MILK","MILK - SALES, MEASURED IN $","TOTAL","NOT SPECIFIED","106,602,000",""
"SURVEY","2016","YEAR","","STATE","NEW HAMPSHIRE","33","","","","","","","00000000","","MILK","MILK - SALES, MEASURED IN $","TOTAL","NOT SPECIFIED","49,590,000",""
"SURVEY","2016","YEAR","","STATE","NEW JERSEY","34","","","","","","","00000000","","MILK","MILK - SALES, MEASURED IN $","TOTAL","NOT SPECIFIED","19,680,000",""
"SURVEY","2016","YEAR","","STATE","NEW MEXICO","35","","","","","","","00000000","","MILK","MILK - SALES, MEASURED IN $","TOTAL","NOT SPECIFIED","1,196,052,000",""
"SURVEY","2016","YEAR","","STATE","NEW YORK","36","","","","","","","00000000","","MILK","MILK - SALES, MEASURED IN $","TOTAL","NOT SPECIFIED","2,503,250,000",""
"SURVEY","2016","YEAR","","STATE","NORTH CAROLINA","37","","","","","","","00000000","","MILK","MILK - SALES, MEASURED IN $","TOTAL","NOT SPECIFIED","164,160,000",""
"SURVEY","2016","YEAR","","STATE","NORTH DAKOTA","38","","","","","","","00000000","","MILK","MILK - SALES, MEASURED IN $","TOTAL","NOT SPECIFIED","54,918,000",""
"SURVEY","2016","YEAR","","STATE","OHIO","39","","","","","","","00000000","","MILK","MILK - SALES, MEASURED IN $","TOTAL","NOT SPECIFIED","936,600,000",""
"SURVEY","2016","YEAR","","STATE","OKLAHOMA","40","","","","","","","00000000","","MILK","MILK - SALES, MEASURED IN $","TOTAL","NOT SPECIFIED","121,422,000",""
"SURVEY","2016","YEAR","","STATE","OREGON","41","","","","","","","00000000","","MILK","MILK - SALES, MEASURED IN $","TOTAL","NOT SPECIFIED","465,532,000",""
"SURVEY","2016","YEAR","","STATE","PENNSYLVANIA","42","","","","","","","00000000","","MILK","MILK - SALES, MEASURED IN $","TOTAL","NOT SPECIFIED","1,847,280,000",""
"SURVEY","2016","YEAR","","STATE","RHODE ISLAND","44","","","","","","","00000000","","MILK","MILK - SALES, MEASURED IN $","TOTAL","NOT SPECIFIED","2,408,000",""
"SURVEY","2016","YEAR","","STATE","SOUTH CAROLINA","45","","","","","","","00000000","","MILK","MILK - SALES, MEASURED IN $","TOTAL","NOT SPECIFIED","43,966,000",""
"SURVEY","2016","YEAR","","STATE","SOUTH DAKOTA","46","","","","","","","00000000","","MILK","MILK - SALES, MEASURED IN $","TOTAL","NOT SPECIFIED","446,864,000",""
"SURVEY","2016","YEAR","","STATE","TENNESSEE","47","","","","","","","00000000","","MILK","MILK - SALES, MEASURED IN $","TOTAL","NOT SPECIFIED","118,852,000",""
"SURVEY","2016","YEAR","","STATE","TEXAS","48","","","","","","","00000000","","MILK","MILK - SALES, MEASURED IN $","TOTAL","NOT SPECIFIED","1,848,140,000",""
"SURVEY","2016","YEAR","","STATE","UTAH","49","","","","","","","00000000","","MILK","MILK - SALES, MEASURED IN $","TOTAL","NOT SPECIFIED","336,636,000",""
"SURVEY","2016","YEAR","","STATE","VERMONT","50","","","","","","","00000000","","MILK","MILK - SALES, MEASURED IN $","TOTAL","NOT SPECIFIED","469,003,000",""
"SURVEY","2016","YEAR","","STATE","VIRGINIA","51","","","","","","","00000000","","MILK","MILK - SALES, MEASURED IN $","TOTAL","NOT SPECIFIED","308,340,000",""
"SURVEY","2016","YEAR","","STATE","WASHINGTON","53","","","","","","","00000000","","MILK","MILK - SALES, MEASURED IN $","TOTAL","NOT SPECIFIED","1,093,950,000",""
"SURVEY","2016","YEAR","","STATE","WEST VIRGINIA","54","","","","","","","00000000","","MILK","MILK - SALES, MEASURED IN $","TOTAL","NOT SPECIFIED","21,091,000",""
"SURVEY","2016","YEAR","","STATE","WISCONSIN","55","","","","","","","00000000","","MILK","MILK - SALES, MEASURED IN $","TOTAL","NOT SPECIFIED","5,014,800,000",""
"SURVEY","2016","YEAR","","STATE","WYOMING","56","","","","","","","00000000","","MILK","MILK - SALES, MEASURED IN $","TOTAL","NOT SPECIFIED","23,096,000",""
"SURVEY","2015","YEAR","","STATE","ALABAMA","01","","","","","","","00000000","","MILK","MILK - SALES, MEASURED IN $","TOTAL","NOT SPECIFIED","19,500,000",""
"SURVEY","2015","YEAR","","STATE","ALASKA","02","","","","","","","00000000","","MILK","MILK - SALES, MEASURED IN $","TOTAL","NOT SPECIFIED","682,000",""
"SURVEY","2015","YEAR","","STATE","ARIZONA","04","","","","","","","00000000","","MILK","MILK - SALES, MEASURED IN $","TOTAL","NOT SPECIFIED","755,520,000",""
"SURVEY","2015","YEAR","","STATE","ARKANSAS","05","","","","","","","00000000","","MILK","MILK - SALES, MEASURED IN $","TOTAL","NOT SPECIFIED","16,109,000",""
"SURVEY","2015","YEAR","","STATE","CALIFORNIA","06","","","","","","","00000000","","MILK","MILK - SALES, MEASURED IN $","TOTAL","NOT SPECIFIED","6,293,210,000",""
"SURVEY","2015","YEAR","","STATE","COLORADO","08","","","","","","","00000000","","MILK","MILK - SALES, MEASURED IN $","TOTAL","NOT SPECIFIED","664,830,000",""
"SURVEY","2015","YEAR","","STATE","CONNECTICUT","09","","","","","","","00000000","","MILK","MILK - SALES, MEASURED IN $","TOTAL","NOT SPECIFIED","72,312,000",""
"SURVEY","2015","YEAR","","STATE","DELAWARE","10","","","","","","","00000000","","MILK","MILK - SALES, MEASURED IN $","TOTAL","NOT SPECIFIED","16,937,000",""
"SURVEY","2015","YEAR","","STATE","FLORIDA","12","","","","","","","00000000","","MILK","MILK - SALES, MEASURED IN $","TOTAL","NOT SPECIFIED","548,901,000",""
"SURVEY","2015","YEAR","","STATE","GEORGIA","13","","","","","","","00000000","","MILK","MILK - SALES, MEASURED IN $","TOTAL","NOT SPECIFIED","356,600,000",""
"SURVEY","2015","YEAR","","STATE","HAWAII","15","","","","","","","00000000","","MILK","MILK - SALES, MEASURED IN $","TOTAL","NOT SPECIFIED","10,022,000",""
"SURVEY","2015","YEAR","","STATE","IDAHO","16","","","","","","","00000000","","MILK","MILK - SALES, MEASURED IN $","TOTAL","NOT SPECIFIED","2,351,527,000",""
"SURVEY","2015","YEAR","","STATE","ILLINOIS","17","","","","","","","00000000","","MILK","MILK - SALES, MEASURED IN $","TOTAL","NOT SPECIFIED","333,114,000",""
"SURVEY","2015","YEAR","","STATE","INDIANA","18","","","","","","","00000000","","MILK","MILK - SALES, MEASURED IN $","TOTAL","NOT SPECIFIED","677,336,000",""
"SURVEY","2015","YEAR","","STATE","IOWA","19","","","","","","","00000000","","MILK","MILK - SALES, MEASURED IN $","TOTAL","NOT SPECIFIED","834,379,000",""
"SURVEY","2015","YEAR","","STATE","KANSAS","20","","","","","","","00000000","","MILK","MILK - SALES, MEASURED IN $","TOTAL","NOT SPECIFIED","534,716,000",""
"SURVEY","2015","YEAR","","STATE","KENTUCKY","21","","","","","","","00000000","","MILK","MILK - SALES, MEASURED IN $","TOTAL","NOT SPECIFIED","201,160,000",""
"SURVEY","2015","YEAR","","STATE","LOUISIANA","22","","","","","","","00000000","","MILK","MILK - SALES, MEASURED IN $","TOTAL","NOT SPECIFIED","35,150,000",""
"SURVEY","2015","YEAR","","STATE","MAINE","23","","","","","","","00000000","","MILK","MILK - SALES, MEASURED IN $","TOTAL","NOT SPECIFIED","119,180,000",""
"SURVEY","2015","YEAR","","STATE","MARYLAND","24","","","","","","","00000000","","MILK","MILK - SALES, MEASURED IN $","TOTAL","NOT SPECIFIED","172,480,000",""
"SURVEY","2015","YEAR","","STATE","MASSACHUSETTS","25","","","","","","","00000000","","MILK","MILK - SALES, MEASURED IN $","TOTAL","NOT SPECIFIED","39,990,000",""
"SURVEY","2015","YEAR","","STATE","MICHIGAN","26","","","","","","","00000000","","MILK","MILK - SALES, MEASURED IN $","TOTAL","NOT SPECIFIED","1,698,678,000",""
"SURVEY","2015","YEAR","","STATE","MINNESOTA","27","","","","","","","00000000","","MILK","MILK - SALES, MEASURED IN $","TOTAL","NOT SPECIFIED","1,646,832,000",""
"SURVEY","2015","YEAR","","STATE","MISSISSIPPI","28","","","","","","","00000000","","MILK","MILK - SALES, MEASURED IN $","TOTAL","NOT SPECIFIED","31,622,000",""
"SURVEY","2015","YEAR","","STATE","MISSOURI","29","","","","","","","00000000","","MILK","MILK - SALES, MEASURED IN $","TOTAL","NOT SPECIFIED","241,795,000",""
"SURVEY","2015","YEAR","","STATE","MONTANA","30","","","","","","","00000000","","MILK","MILK - SALES, MEASURED IN $","TOTAL","NOT SPECIFIED","43,806,000",""
"SURVEY","2015","YEAR","","STATE","NEBRASKA","31","","","","","","","00000000","","MILK","MILK - SALES, MEASURED IN $","TOTAL","NOT SPECIFIED","231,222,000",""
"SURVEY","2015","YEAR","","STATE","NEVADA","32","","","","","","","00000000","","MILK","MILK - SALES, MEASURED IN $","TOTAL","NOT SPECIFIED","117,351,000",""
"SURVEY","2015","YEAR","","STATE","NEW HAMPSHIRE","33","","","","","","","00000000","","MILK","MILK - SALES, MEASURED IN $","TOTAL","NOT SPECIFIED","51,800,000",""
"SURVEY","2015","YEAR","","STATE","NEW JERSEY","34","","","","","","","00000000","","MILK","MILK - SALES, MEASURED IN $","TOTAL","NOT SPECIFIED","22,176,000",""
"SURVEY","2015","YEAR","","STATE","NEW MEXICO","35","","","","","","","00000000","","MILK","MILK - SALES, MEASURED IN $","TOTAL","NOT SPECIFIED","1,254,029,000",""
"SURVEY","2015","YEAR","","STATE","NEW YORK","36","","","","","","","00000000","","MILK","MILK - SALES, MEASURED IN $","TOTAL","NOT SPECIFIED","2,554,552,000",""
"SURVEY","2015","YEAR","","STATE","NORTH CAROLINA","37","","","","","","","00000000","","MILK","MILK - SALES, MEASURED IN $","TOTAL","NOT SPECIFIED","182,094,000",""
"SURVEY","2015","YEAR","","STATE","NORTH DAKOTA","38","","","","","","","00000000","","MILK","MILK - SALES, MEASURED IN $","TOTAL","NOT SPECIFIED","55,917,000",""
"SURVEY","2015","YEAR","","STATE","OHIO","39","","","","","","","00000000","","MILK","MILK - SALES, MEASURED IN $","TOTAL","NOT SPECIFIED","980,741,000",""
"SURVEY","2015","YEAR","","STATE","OKLAHOMA","40","","","","","","","00000000","","MILK","MILK - SALES, MEASURED IN $","TOTAL","NOT SPECIFIED","134,664,000",""
"SURVEY","2015","YEAR","","STATE","OREGON","41","","","","","","","00000000","","MILK","MILK - SALES, MEASURED IN $","TOTAL","NOT SPECIFIED","470,580,000",""
"SURVEY","2015","YEAR","","STATE","PENNSYLVANIA","42","","","","","","","00000000","","MILK","MILK - SALES, MEASURED IN $","TOTAL","NOT SPECIFIED","1,985,235,000",""
"SURVEY","2015","YEAR","","STATE","RHODE ISLAND","44","","","","","","","00000000","","MILK","MILK - SALES, MEASURED IN $","TOTAL","NOT SPECIFIED","2,967,000",""
"SURVEY","2015","YEAR","","STATE","SOUTH CAROLINA","45","","","","","","","00000000","","MILK","MILK - SALES, MEASURED IN $","TOTAL","NOT SPECIFIED","51,282,000",""
"SURVEY","2015","YEAR","","STATE","SOUTH DAKOTA","46","","","","","","","00000000","","MILK","MILK - SALES, MEASURED IN $","TOTAL","NOT SPECIFIED","435,305,000",""
"SURVEY","2015","YEAR","","STATE","TENNESSEE","47","","","","","","","00000000","","MILK","MILK - SALES, MEASURED IN $","TOTAL","NOT SPECIFIED","138,556,000",""
"SURVEY","2015","YEAR","","STATE","TEXAS","48","","","","","","","00000000","","MILK","MILK - SALES, MEASURED IN $","TOTAL","NOT SPECIFIED","1,818,675,000",""
"SURVEY","2015","YEAR","","STATE","UTAH","49","","","","","","","00000000","","MILK","MILK - SALES, MEASURED IN $","TOTAL","NOT SPECIFIED","375,190,000",""
"SURVEY","2015","YEAR","","STATE","VERMONT","50","","","","","","","00000000","","MILK","MILK - SALES, MEASURED IN $","TOTAL","NOT SPECIFIED","492,900,000",""
"SURVEY","2015","YEAR","","STATE","VIRGINIA","51","","","","","","","00000000","","MILK","MILK - SALES, MEASURED IN $","TOTAL","NOT SPECIFIED","342,022,000",""
"SURVEY","2015","YEAR","","STATE","WASHINGTON","53","","","","","","","00000000","","MILK","MILK - SALES, MEASURED IN $","TOTAL","NOT SPECIFIED","1,133,136,000",""
"SURVEY","2015","YEAR","","STATE","WEST VIRGINIA","54","","","","","","","00000000","","MILK","MILK - SALES, MEASURED IN $","TOTAL","NOT SPECIFIED","24,325,000",""
"SURVEY","2015","YEAR","","STATE","WISCONSIN","55","","","","","","","00000000","","MILK","MILK - SALES, MEASURED IN $","TOTAL","NOT SPECIFIED","5,121,238,000",""
"SURVEY","2015","YEAR","","STATE","WYOMING","56","","","","","","","00000000","","MILK","MILK - SALES, MEASURED IN $","TOTAL","NOT SPECIFIED","24,504,000",""
"SURVEY","2014","YEAR","","STATE","ALABAMA","01","","","","","","","00000000","","MILK","MILK - SALES, MEASURED IN $","TOTAL","NOT SPECIFIED","30,024,000",""
"SURVEY","2014","YEAR","","STATE","ALASKA","02","","","","","","","00000000","","MILK","MILK - SALES, MEASURED IN $","TOTAL","NOT SPECIFIED","723,000",""
"SURVEY","2014","YEAR","","STATE","ARIZONA","04","","","","","","","00000000","","MILK","MILK - SALES, MEASURED IN $","TOTAL","NOT SPECIFIED","1,088,312,000",""
"SURVEY","2014","YEAR","","STATE","ARKANSAS","05","","","","","","","00000000","","MILK","MILK - SALES, MEASURED IN $","TOTAL","NOT SPECIFIED","24,225,000",""
"SURVEY","2014","YEAR","","STATE","CALIFORNIA","06","","","","","","","00000000","","MILK","MILK - SALES, MEASURED IN $","TOTAL","NOT SPECIFIED","9,358,087,000",""
"SURVEY","2014","YEAR","","STATE","COLORADO","08","","","","","","","00000000","","MILK","MILK - SALES, MEASURED IN $","TOTAL","NOT SPECIFIED","857,040,000",""
"SURVEY","2014","YEAR","","STATE","CONNECTICUT","09","","","","","","","00000000","","MILK","MILK - SALES, MEASURED IN $","TOTAL","NOT SPECIFIED","99,180,000",""
"SURVEY","2014","YEAR","","STATE","DELAWARE","10","","","","","","","00000000","","MILK","MILK - SALES, MEASURED IN $","TOTAL","NOT SPECIFIED","23,016,000",""
"SURVEY","2014","YEAR","","STATE","FLORIDA","12","","","","","","","00000000","","MILK","MILK - SALES, MEASURED IN $","TOTAL","NOT SPECIFIED","705,564,000",""
"SURVEY","2014","YEAR","","STATE","GEORGIA","13","","","","","","","00000000","","MILK","MILK - SALES, MEASURED IN $","TOTAL","NOT SPECIFIED","444,312,000",""
"SURVEY","2014","YEAR","","STATE","HAWAII","15","","","","","","","00000000","","MILK","MILK - SALES, MEASURED IN $","TOTAL","NOT SPECIFIED","10,514,000",""
"SURVEY","2014","YEAR","","STATE","IDAHO","16","","","","","","","00000000","","MILK","MILK - SALES, MEASURED IN $","TOTAL","NOT SPECIFIED","3,197,502,000",""
"SURVEY","2014","YEAR","","STATE","ILLINOIS","17","","","","","","","00000000","","MILK","MILK - SALES, MEASURED IN $","TOTAL","NOT SPECIFIED","453,986,000",""
"SURVEY","2014","YEAR","","STATE","INDIANA","18","","","","","","","00000000","","MILK","MILK - SALES, MEASURED IN $","TOTAL","NOT SPECIFIED","930,690,000",""
"SURVEY","2014","YEAR","","STATE","IOWA","19","","","","","","","00000000","","MILK","MILK - SALES, MEASURED IN $","TOTAL","NOT SPECIFIED","1,139,718,000",""
"SURVEY","2014","YEAR","","STATE","KANSAS","20","","","","","","","00000000","","MILK","MILK - SALES, MEASURED IN $","TOTAL","NOT SPECIFIED","744,240,000",""
"SURVEY","2014","YEAR","","STATE","KENTUCKY","21","","","","","","","00000000","","MILK","MILK - SALES, MEASURED IN $","TOTAL","NOT SPECIFIED","256,194,000",""
"SURVEY","2014","YEAR","","STATE","LOUISIANA","22","","","","","","","00000000","","MILK","MILK - SALES, MEASURED IN $","TOTAL","NOT SPECIFIED","52,400,000",""
"SURVEY","2014","YEAR","","STATE","MAINE","23","","","","","","","00000000","","MILK","MILK - SALES, MEASURED IN $","TOTAL","NOT SPECIFIED","159,460,000",""
"SURVEY","2014","YEAR","","STATE","MARYLAND","24","","","","","","","00000000","","MILK","MILK - SALES, MEASURED IN $","TOTAL","NOT SPECIFIED","246,000,000",""
"SURVEY","2014","YEAR","","STATE","MASSACHUSETTS","25","","","","","","","00000000","","MILK","MILK - SALES, MEASURED IN $","TOTAL","NOT SPECIFIED","60,291,000",""
"SURVEY","2014","YEAR","","STATE","MICHIGAN","26","","","","","","","00000000","","MILK","MILK - SALES, MEASURED IN $","TOTAL","NOT SPECIFIED","2,309,503,000",""
"SURVEY","2014","YEAR","","STATE","MINNESOTA","27","","","","","","","00000000","","MILK","MILK - SALES, MEASURED IN $","TOTAL","NOT SPECIFIED","2,237,456,000",""
"SURVEY","2014","YEAR","","STATE","MISSISSIPPI","28","","","","","","","00000000","","MILK","MILK - SALES, MEASURED IN $","TOTAL","NOT SPECIFIED","49,848,000",""
"SURVEY","2014","YEAR","","STATE","MISSOURI","29","","","","","","","00000000","","MILK","MILK - SALES, MEASURED IN $","TOTAL","NOT SPECIFIED","337,512,000",""
"SURVEY","2014","YEAR","","STATE","MONTANA","30","","","","","","","00000000","","MILK","MILK - SALES, MEASURED IN $","TOTAL","NOT SPECIFIED","65,120,000",""
"SURVEY","2014","YEAR","","STATE","NEBRASKA","31","","","","","","","00000000","","MILK","MILK - SALES, MEASURED IN $","TOTAL","NOT SPECIFIED","297,000,000",""
"SURVEY","2014","YEAR","","STATE","NEVADA","32","","","","","","","00000000","","MILK","MILK - SALES, MEASURED IN $","TOTAL","NOT SPECIFIED","169,880,000",""
"SURVEY","2014","YEAR","","STATE","NEW HAMPSHIRE","33","","","","","","","00000000","","MILK","MILK - SALES, MEASURED IN $","TOTAL","NOT SPECIFIED","72,520,000",""
"SURVEY","2014","YEAR","","STATE","NEW JERSEY","34","","","","","","","00000000","","MILK","MILK - SALES, MEASURED IN $","TOTAL","NOT SPECIFIED","31,125,000",""
"SURVEY","2014","YEAR","","STATE","NEW MEXICO","35","","","","","","","00000000","","MILK","MILK - SALES, MEASURED IN $","TOTAL","NOT SPECIFIED","1,798,049,000",""
"SURVEY","2014","YEAR","","STATE","NEW YORK","36","","","","","","","00000000","","MILK","MILK - SALES, MEASURED IN $","TOTAL","NOT SPECIFIED","3,479,038,000",""
"SURVEY","2014","YEAR","","STATE","NORTH CAROLINA","37","","","","","","","00000000","","MILK","MILK - SALES, MEASURED IN $","TOTAL","NOT SPECIFIED","245,435,000",""
"SURVEY","2014","YEAR","","STATE","NORTH DAKOTA","38","","","","","","","00000000","","MILK","MILK - SALES, MEASURED IN $","TOTAL","NOT SPECIFIED","75,048,000",""
"SURVEY","2014","YEAR","","STATE","OHIO","39","","","","","","","00000000","","MILK","MILK - SALES, MEASURED IN $","TOTAL","NOT SPECIFIED","1,329,138,000",""
"SURVEY","2014","YEAR","","STATE","OKLAHOMA","40","","","","","","","00000000","","MILK","MILK - SALES, MEASURED IN $","TOTAL","NOT SPECIFIED","186,221,000",""
"SURVEY","2014","YEAR","","STATE","OREGON","41","","","","","","","00000000","","MILK","MILK - SALES, MEASURED IN $","TOTAL","NOT SPECIFIED","649,953,000",""
"SURVEY","2014","YEAR","","STATE","PENNSYLVANIA","42","","","","","","","00000000","","MILK","MILK - SALES, MEASURED IN $","TOTAL","NOT SPECIFIED","2,723,686,000",""
"SURVEY","2014","YEAR","","STATE","RHODE ISLAND","44","","","","","","","00000000","","MILK","MILK - SALES, MEASURED IN $","TOTAL","NOT SPECIFIED","4,462,000",""
"SURVEY","2014","YEAR","","STATE","SOUTH CAROLINA","45","","","","","","","00000000","","MILK","MILK - SALES, MEASURED IN $","TOTAL","NOT SPECIFIED","71,253,000",""
"SURVEY","2014","YEAR","","STATE","SOUTH DAKOTA","46","","","","","","","00000000","","MILK","MILK - SALES, MEASURED IN $","TOTAL","NOT SPECIFIED","519,688,000",""
"SURVEY","2014","YEAR","","STATE","TENNESSEE","47","","","","","","","00000000","","MILK","MILK - SALES, MEASURED IN $","TOTAL","NOT SPECIFIED","190,920,000",""
"SURVEY","2014","YEAR","","STATE","TEXAS","48","","","","","","","00000000","","MILK","MILK - SALES, MEASURED IN $","TOTAL","NOT SPECIFIED","2,529,372,000",""
"SURVEY","2014","YEAR","","STATE","UTAH","49","","","","","","","00000000","","MILK","MILK - SALES, MEASURED IN $","TOTAL","NOT SPECIFIED","514,527,000",""
"SURVEY","2014","YEAR","","STATE","VERMONT","50","","","","","","","00000000","","MILK","MILK - SALES, MEASURED IN $","TOTAL","NOT SPECIFIED","676,005,000",""
"SURVEY","2014","YEAR","","STATE","VIRGINIA","51","","","","","","","00000000","","MILK","MILK - SALES, MEASURED IN $","TOTAL","NOT SPECIFIED","478,170,000",""
"SURVEY","2014","YEAR","","STATE","WASHINGTON","53","","","","","","","00000000","","MILK","MILK - SALES, MEASURED IN $","TOTAL","NOT SPECIFIED","1,620,073,000",""
"SURVEY","2014","YEAR","","STATE","WEST VIRGINIA","54","","","","","","","00000000","","MILK","MILK - SALES, MEASURED IN $","TOTAL","NOT SPECIFIED","33,672,000",""
"SURVEY","2014","YEAR","","STATE","WISCONSIN","55","","","","","","","00000000","","MILK","MILK - SALES, MEASURED IN $","TOTAL","NOT SPECIFIED","6,745,095,000",""
"SURVEY","2014","YEAR","","STATE","WYOMING","56","","","","","","","00000000","","MILK","MILK - SALES, MEASURED IN $","TOTAL","NOT SPECIFIED","29,952,000",""
"SURVEY","2013","YEAR","","STATE","ALABAMA","01","","","","","","","00000000","","MILK","MILK - SALES, MEASURED IN $","TOTAL","NOT SPECIFIED","27,492,000",""
"SURVEY","2013","YEAR","","STATE","ALASKA","02","","","","","","","00000000","","MILK","MILK - SALES, MEASURED IN $","TOTAL","NOT SPECIFIED","660,000",""
"SURVEY","2013","YEAR","","STATE","ARIZONA","04","","","","","","","00000000","","MILK","MILK - SALES, MEASURED IN $","TOTAL","NOT SPECIFIED","872,820,000",""
"SURVEY","2013","YEAR","","STATE","ARKANSAS","05","","","","","","","00000000","","MILK","MILK - SALES, MEASURED IN $","TOTAL","NOT SPECIFIED","21,840,000",""
"SURVEY","2013","YEAR","","STATE","CALIFORNIA","06","","","","","","","00000000","","MILK","MILK - SALES, MEASURED IN $","TOTAL","NOT SPECIFIED","7,617,641,000",""
"SURVEY","2013","YEAR","","STATE","COLORADO","08","","","","","","","00000000","","MILK","MILK - SALES, MEASURED IN $","TOTAL","NOT SPECIFIED","667,812,000",""
"SURVEY","2013","YEAR","","STATE","CONNECTICUT","09","","","","","","","00000000","","MILK","MILK - SALES, MEASURED IN $","TOTAL","NOT SPECIFIED","79,272,000",""
"SURVEY","2013","YEAR","","STATE","DELAWARE","10","","","","","","","00000000","","MILK","MILK - SALES, MEASURED IN $","TOTAL","NOT SPECIFIED","19,024,000",""
"SURVEY","2013","YEAR","","STATE","FLORIDA","12","","","","","","","00000000","","MILK","MILK - SALES, MEASURED IN $","TOTAL","NOT SPECIFIED","568,103,000",""
"SURVEY","2013","YEAR","","STATE","GEORGIA","13","","","","","","","00000000","","MILK","MILK - SALES, MEASURED IN $","TOTAL","NOT SPECIFIED","336,960,000",""
"SURVEY","2013","YEAR","","STATE","HAWAII","15","","","","","","","00000000","","MILK","MILK - SALES, MEASURED IN $","TOTAL","NOT SPECIFIED","10,079,000",""
"SURVEY","2013","YEAR","","STATE","IDAHO","16","","","","","","","00000000","","MILK","MILK - SALES, MEASURED IN $","TOTAL","NOT SPECIFIED","2,572,800,000",""
"SURVEY","2013","YEAR","","STATE","ILLINOIS","17","","","","","","","00000000","","MILK","MILK - SALES, MEASURED IN $","TOTAL","NOT SPECIFIED","376,326,000",""
"SURVEY","2013","YEAR","","STATE","INDIANA","18","","","","","","","00000000","","MILK","MILK - SALES, MEASURED IN $","TOTAL","NOT SPECIFIED","791,024,000",""
"SURVEY","2013","YEAR","","STATE","IOWA","19","","","","","","","00000000","","MILK","MILK - SALES, MEASURED IN $","TOTAL","NOT SPECIFIED","941,770,000",""
"SURVEY","2013","YEAR","","STATE","KANSAS","20","","","","","","","00000000","","MILK","MILK - SALES, MEASURED IN $","TOTAL","NOT SPECIFIED","590,244,000",""
"SURVEY","2013","YEAR","","STATE","KENTUCKY","21","","","","","","","00000000","","MILK","MILK - SALES, MEASURED IN $","TOTAL","NOT SPECIFIED","227,900,000",""
"SURVEY","2013","YEAR","","STATE","LOUISIANA","22","","","","","","","00000000","","MILK","MILK - SALES, MEASURED IN $","TOTAL","NOT SPECIFIED","44,238,000",""
"SURVEY","2013","YEAR","","STATE","MAINE","23","","","","","","","00000000","","MILK","MILK - SALES, MEASURED IN $","TOTAL","NOT SPECIFIED","134,469,000",""
"SURVEY","2013","YEAR","","STATE","MARYLAND","24","","","","","","","00000000","","MILK","MILK - SALES, MEASURED IN $","TOTAL","NOT SPECIFIED","202,521,000",""
"SURVEY","2013","YEAR","","STATE","MASSACHUSETTS","25","","","","","","","00000000","","MILK","MILK - SALES, MEASURED IN $","TOTAL","NOT SPECIFIED","50,140,000",""
"SURVEY","2013","YEAR","","STATE","MICHIGAN","26","","","","","","","00000000","","MILK","MILK - SALES, MEASURED IN $","TOTAL","NOT SPECIFIED","1,872,880,000",""
"SURVEY","2013","YEAR","","STATE","MINNESOTA","27","","","","","","","00000000","","MILK","MILK - SALES, MEASURED IN $","TOTAL","NOT SPECIFIED","1,842,732,000",""
"SURVEY","2013","YEAR","","STATE","MISSISSIPPI","28","","","","","","","00000000","","MILK","MILK - SALES, MEASURED IN $","TOTAL","NOT SPECIFIED","40,296,000",""
"SURVEY","2013","YEAR","","STATE","MISSOURI","29","","","","","","","00000000","","MILK","MILK - SALES, MEASURED IN $","TOTAL","NOT SPECIFIED","274,290,000",""
"SURVEY","2013","YEAR","","STATE","MONTANA","30","","","","","","","00000000","","MILK","MILK - SALES, MEASURED IN $","TOTAL","NOT SPECIFIED","54,791,000",""
"SURVEY","2013","YEAR","","STATE","NEBRASKA","31","","","","","","","00000000","","MILK","MILK - SALES, MEASURED IN $","TOTAL","NOT SPECIFIED","242,970,000",""
"SURVEY","2013","YEAR","","STATE","NEVADA","32","","","","","","","00000000","","MILK","MILK - SALES, MEASURED IN $","TOTAL","NOT SPECIFIED","128,499,000",""
"SURVEY","2013","YEAR","","STATE","NEW HAMPSHIRE","33","","","","","","","00000000","","MILK","MILK - SALES, MEASURED IN $","TOTAL","NOT SPECIFIED","58,050,000",""
"SURVEY","2013","YEAR","","STATE","NEW JERSEY","34","","","","","","","00000000","","MILK","MILK - SALES, MEASURED IN $","TOTAL","NOT SPECIFIED","25,750,000",""
"SURVEY","2013","YEAR","","STATE","NEW MEXICO","35","","","","","","","00000000","","MILK","MILK - SALES, MEASURED IN $","TOTAL","NOT SPECIFIED","1,506,068,000",""
"SURVEY","2013","YEAR","","STATE","NEW YORK","36","","","","","","","00000000","","MILK","MILK - SALES, MEASURED IN $","TOTAL","NOT SPECIFIED","2,848,220,000",""
"SURVEY","2013","YEAR","","STATE","NORTH CAROLINA","37","","","","","","","00000000","","MILK","MILK - SALES, MEASURED IN $","TOTAL","NOT SPECIFIED","198,806,000",""
"SURVEY","2013","YEAR","","STATE","NORTH DAKOTA","38","","","","","","","00000000","","MILK","MILK - SALES, MEASURED IN $","TOTAL","NOT SPECIFIED","66,466,000",""
"SURVEY","2013","YEAR","","STATE","OHIO","39","","","","","","","00000000","","MILK","MILK - SALES, MEASURED IN $","TOTAL","NOT SPECIFIED","1,149,888,000",""
"SURVEY","2013","YEAR","","STATE","OKLAHOMA","40","","","","","","","00000000","","MILK","MILK - SALES, MEASURED IN $","TOTAL","NOT SPECIFIED","165,765,000",""
"SURVEY","2013","YEAR","","STATE","OREGON","41","","","","","","","00000000","","MILK","MILK - SALES, MEASURED IN $","TOTAL","NOT SPECIFIED","528,304,000",""
"SURVEY","2013","YEAR","","STATE","PENNSYLVANIA","42","","","","","","","00000000","","MILK","MILK - SALES, MEASURED IN $","TOTAL","NOT SPECIFIED","2,265,192,000",""
"SURVEY","2013","YEAR","","STATE","RHODE ISLAND","44","","","","","","","00000000","","MILK","MILK - SALES, MEASURED IN $","TOTAL","NOT SPECIFIED","3,684,000",""
"SURVEY","2013","YEAR","","STATE","SOUTH CAROLINA","45","","","","","","","00000000","","MILK","MILK - SALES, MEASURED IN $","TOTAL","NOT SPECIFIED","60,030,000",""
"SURVEY","2013","YEAR","","STATE","SOUTH DAKOTA","46","","","","","","","00000000","","MILK","MILK - SALES, MEASURED IN $","TOTAL","NOT SPECIFIED","423,360,000",""
"SURVEY","2013","YEAR","","STATE","TENNESSEE","47","","","","","","","00000000","","MILK","MILK - SALES, MEASURED IN $","TOTAL","NOT SPECIFIED","163,400,000",""
"SURVEY","2013","YEAR","","STATE","TEXAS","48","","","","","","","00000000","","MILK","MILK - SALES, MEASURED IN $","TOTAL","NOT SPECIFIED","1,955,544,000",""
"SURVEY","2013","YEAR","","STATE","UTAH","49","","","","","","","00000000","","MILK","MILK - SALES, MEASURED IN $","TOTAL","NOT SPECIFIED","413,010,000",""
"SURVEY","2013","YEAR","","STATE","VERMONT","50","","","","","","","00000000","","MILK","MILK - SALES, MEASURED IN $","TOTAL","NOT SPECIFIED","551,883,000",""
"SURVEY","2013","YEAR","","STATE","VIRGINIA","51","","","","","","","00000000","","MILK","MILK - SALES, MEASURED IN $","TOTAL","NOT SPECIFIED","396,857,000",""
"SURVEY","2013","YEAR","","STATE","WASHINGTON","53","","","","","","","00000000","","MILK","MILK - SALES, MEASURED IN $","TOTAL","NOT SPECIFIED","1,295,600,000",""
"SURVEY","2013","YEAR","","STATE","WEST VIRGINIA","54","","","","","","","00000000","","MILK","MILK - SALES, MEASURED IN $","TOTAL","NOT SPECIFIED","30,450,000",""
"SURVEY","2013","YEAR","","STATE","WISCONSIN","55","","","","","","","00000000","","MILK","MILK - SALES, MEASURED IN $","TOTAL","NOT SPECIFIED","5,541,494,000",""
"SURVEY","2013","YEAR","","STATE","WYOMING","56","","","","","","","00000000","","MILK","MILK - SALES, MEASURED IN $","TOTAL","NOT SPECIFIED","25,467,000",""
"SURVEY","2012","YEAR","","STATE","ALABAMA","01","","","","","","","00000000","","MILK","MILK - SALES, MEASURED IN $","TOTAL","NOT SPECIFIED","27,864,000",""
"SURVEY","2012","YEAR","","STATE","ALASKA","02","","","","","","","00000000","","MILK","MILK - SALES, MEASURED IN $","TOTAL","NOT SPECIFIED","1,296,000",""
"SURVEY","2012","YEAR","","STATE","ARIZONA","04","","","","","","","00000000","","MILK","MILK - SALES, MEASURED IN $","TOTAL","NOT SPECIFIED","791,120,000",""
"SURVEY","2012","YEAR","","STATE","ARKANSAS","05","","","","","","","00000000","","MILK","MILK - SALES, MEASURED IN $","TOTAL","NOT SPECIFIED","24,104,000",""
"SURVEY","2012","YEAR","","STATE","CALIFORNIA","06","","","","","","","00000000","","MILK","MILK - SALES, MEASURED IN $","TOTAL","NOT SPECIFIED","6,899,743,000",""
"SURVEY","2012","YEAR","","STATE","COLORADO","08","","","","","","","00000000","","MILK","MILK - SALES, MEASURED IN $","TOTAL","NOT SPECIFIED","593,526,000",""
"SURVEY","2012","YEAR","","STATE","CONNECTICUT","09","","","","","","","00000000","","MILK","MILK - SALES, MEASURED IN $","TOTAL","NOT SPECIFIED","69,935,000",""
"SURVEY","2012","YEAR","","STATE","DELAWARE","10","","","","","","","00000000","","MILK","MILK - SALES, MEASURED IN $","TOTAL","NOT SPECIFIED","17,632,000",""
"SURVEY","2012","YEAR","","STATE","FLORIDA","12","","","","","","","00000000","","MILK","MILK - SALES, MEASURED IN $","TOTAL","NOT SPECIFIED","520,482,000",""
"SURVEY","2012","YEAR","","STATE","GEORGIA","13","","","","","","","00000000","","MILK","MILK - SALES, MEASURED IN $","TOTAL","NOT SPECIFIED","302,878,000",""
"SURVEY","2012","YEAR","","STATE","HAWAII","15","","","","","","","00000000","","MILK","MILK - SALES, MEASURED IN $","TOTAL","NOT SPECIFIED","9,644,000",""
"SURVEY","2012","YEAR","","STATE","IDAHO","16","","","","","","","00000000","","MILK","MILK - SALES, MEASURED IN $","TOTAL","NOT SPECIFIED","2,421,512,000",""
"SURVEY","2012","YEAR","","STATE","ILLINOIS","17","","","","","","","00000000","","MILK","MILK - SALES, MEASURED IN $","TOTAL","NOT SPECIFIED","360,064,000",""
"SURVEY","2012","YEAR","","STATE","INDIANA","18","","","","","","","00000000","","MILK","MILK - SALES, MEASURED IN $","TOTAL","NOT SPECIFIED","711,666,000",""
"SURVEY","2012","YEAR","","STATE","IOWA","19","","","","","","","00000000","","MILK","MILK - SALES, MEASURED IN $","TOTAL","NOT SPECIFIED","864,384,000",""
"SURVEY","2012","YEAR","","STATE","KANSAS","20","","","","","","","00000000","","MILK","MILK - SALES, MEASURED IN $","TOTAL","NOT SPECIFIED","516,800,000",""
"SURVEY","2012","YEAR","","STATE","KENTUCKY","21","","","","","","","00000000","","MILK","MILK - SALES, MEASURED IN $","TOTAL","NOT SPECIFIED","219,582,000",""
"SURVEY","2012","YEAR","","STATE","LOUISIANA","22","","","","","","","00000000","","MILK","MILK - SALES, MEASURED IN $","TOTAL","NOT SPECIFIED","42,728,000",""
"SURVEY","2012","YEAR","","STATE","MAINE","23","","","","","","","00000000","","MILK","MILK - SALES, MEASURED IN $","TOTAL","NOT SPECIFIED","124,236,000",""
"SURVEY","2012","YEAR","","STATE","MARYLAND","24","","","","","","","00000000","","MILK","MILK - SALES, MEASURED IN $","TOTAL","NOT SPECIFIED","187,596,000",""
"SURVEY","2012","YEAR","","STATE","MASSACHUSETTS","25","","","","","","","00000000","","MILK","MILK - SALES, MEASURED IN $","TOTAL","NOT SPECIFIED","43,400,000",""
"SURVEY","2012","YEAR","","STATE","MICHIGAN","26","","","","","","","00000000","","MILK","MILK - SALES, MEASURED IN $","TOTAL","NOT SPECIFIED","1,694,385,000",""
"SURVEY","2012","YEAR","","STATE","MINNESOTA","27","","","","","","","00000000","","MILK","MILK - SALES, MEASURED IN $","TOTAL","NOT SPECIFIED","1,757,728,000",""
"SURVEY","2012","YEAR","","STATE","MISSISSIPPI","28","","","","","","","00000000","","MILK","MILK - SALES, MEASURED IN $","TOTAL","NOT SPECIFIED","39,794,000",""
"SURVEY","2012","YEAR","","STATE","MISSOURI","29","","","","","","","00000000","","MILK","MILK - SALES, MEASURED IN $","TOTAL","NOT SPECIFIED","260,756,000",""
"SURVEY","2012","YEAR","","STATE","MONTANA","30","","","","","","","00000000","","MILK","MILK - SALES, MEASURED IN $","TOTAL","NOT SPECIFIED","52,740,000",""
"SURVEY","2012","YEAR","","STATE","NEBRASKA","31","","","","","","","00000000","","MILK","MILK - SALES, MEASURED IN $","TOTAL","NOT SPECIFIED","231,084,000",""
"SURVEY","2012","YEAR","","STATE","NEVADA","32","","","","","","","00000000","","MILK","MILK - SALES, MEASURED IN $","TOTAL","NOT SPECIFIED","124,740,000",""
"SURVEY","2012","YEAR","","STATE","NEW HAMPSHIRE","33","","","","","","","00000000","","MILK","MILK - SALES, MEASURED IN $","TOTAL","NOT SPECIFIED","53,508,000",""
"SURVEY","2012","YEAR","","STATE","NEW JERSEY","34","","","","","","","00000000","","MILK","MILK - SALES, MEASURED IN $","TOTAL","NOT SPECIFIED","24,192,000",""
"SURVEY","2012","YEAR","","STATE","NEW MEXICO","35","","","","","","","00000000","","MILK","MILK - SALES, MEASURED IN $","TOTAL","NOT SPECIFIED","1,409,748,000",""
"SURVEY","2012","YEAR","","STATE","NEW YORK","36","","","","","","","00000000","","MILK","MILK - SALES, MEASURED IN $","TOTAL","NOT SPECIFIED","2,552,652,000",""
"SURVEY","2012","YEAR","","STATE","NORTH CAROLINA","37","","","","","","","00000000","","MILK","MILK - SALES, MEASURED IN $","TOTAL","NOT SPECIFIED","191,470,000",""
"SURVEY","2012","YEAR","","STATE","NORTH DAKOTA","38","","","","","","","00000000","","MILK","MILK - SALES, MEASURED IN $","TOTAL","NOT SPECIFIED","64,260,000",""
"SURVEY","2012","YEAR","","STATE","OHIO","39","","","","","","","00000000","","MILK","MILK - SALES, MEASURED IN $","TOTAL","NOT SPECIFIED","1,034,408,000",""
"SURVEY","2012","YEAR","","STATE","OKLAHOMA","40","","","","","","","00000000","","MILK","MILK - SALES, MEASURED IN $","TOTAL","NOT SPECIFIED","171,051,000",""
"SURVEY","2012","YEAR","","STATE","OREGON","41","","","","","","","00000000","","MILK","MILK - SALES, MEASURED IN $","TOTAL","NOT SPECIFIED","493,218,000",""
"SURVEY","2012","YEAR","","STATE","PENNSYLVANIA","42","","","","","","","00000000","","MILK","MILK - SALES, MEASURED IN $","TOTAL","NOT SPECIFIED","2,083,800,000",""
"SURVEY","2012","YEAR","","STATE","RHODE ISLAND","44","","","","","","","00000000","","MILK","MILK - SALES, MEASURED IN $","TOTAL","NOT SPECIFIED","3,584,000",""
"SURVEY","2012","YEAR","","STATE","SOUTH CAROLINA","45","","","","","","","00000000","","MILK","MILK - SALES, MEASURED IN $","TOTAL","NOT SPECIFIED","56,511,000",""
"SURVEY","2012","YEAR","","STATE","SOUTH DAKOTA","46","","","","","","","00000000","","MILK","MILK - SALES, MEASURED IN $","TOTAL","NOT SPECIFIED","392,000,000",""
"SURVEY","2012","YEAR","","STATE","TENNESSEE","47","","","","","","","00000000","","MILK","MILK - SALES, MEASURED IN $","TOTAL","NOT SPECIFIED","156,800,000",""
"SURVEY","2012","YEAR","","STATE","TEXAS","48","","","","","","","00000000","","MILK","MILK - SALES, MEASURED IN $","TOTAL","NOT SPECIFIED","1,789,964,000",""
"SURVEY","2012","YEAR","","STATE","UTAH","49","","","","","","","00000000","","MILK","MILK - SALES, MEASURED IN $","TOTAL","NOT SPECIFIED","379,984,000",""
"SURVEY","2012","YEAR","","STATE","VERMONT","50","","","","","","","00000000","","MILK","MILK - SALES, MEASURED IN $","TOTAL","NOT SPECIFIED","500,584,000",""
"SURVEY","2012","YEAR","","STATE","VIRGINIA","51","","","","","","","00000000","","MILK","MILK - SALES, MEASURED IN $","TOTAL","NOT SPECIFIED","357,552,000",""
"SURVEY","2012","YEAR","","STATE","WASHINGTON","53","","","","","","","00000000","","MILK","MILK - SALES, MEASURED IN $","TOTAL","NOT SPECIFIED","1,156,548,000",""
"SURVEY","2012","YEAR","","STATE","WEST VIRGINIA","54","","","","","","","00000000","","MILK","MILK - SALES, MEASURED IN $","TOTAL","NOT SPECIFIED","28,880,000",""
"SURVEY","2012","YEAR","","STATE","WISCONSIN","55","","","","","","","00000000","","MILK","MILK - SALES, MEASURED IN $","TOTAL","NOT SPECIFIED","5,229,464,000",""
"SURVEY","2012","YEAR","","STATE","WYOMING","56","","","","","","","00000000","","MILK","MILK - SALES, MEASURED IN $","TOTAL","NOT SPECIFIED","23,134,000",""
"SURVEY","2011","YEAR","","STATE","ALABAMA","01","","","","","","","00000000","","MILK","MILK - SALES, MEASURED IN $","TOTAL","NOT SPECIFIED","33,512,000",""
"SURVEY","2011","YEAR","","STATE","ALASKA","02","","","","","","","00000000","","MILK","MILK - SALES, MEASURED IN $","TOTAL","NOT SPECIFIED","1,549,000",""
"SURVEY","2011","YEAR","","STATE","ARIZONA","04","","","","","","","00000000","","MILK","MILK - SALES, MEASURED IN $","TOTAL","NOT SPECIFIED","871,200,000",""
"SURVEY","2011","YEAR","","STATE","ARKANSAS","05","","","","","","","00000000","","MILK","MILK - SALES, MEASURED IN $","TOTAL","NOT SPECIFIED","29,187,000",""
"SURVEY","2011","YEAR","","STATE","CALIFORNIA","06","","","","","","","00000000","","MILK","MILK - SALES, MEASURED IN $","TOTAL","NOT SPECIFIED","7,680,751,000",""
"SURVEY","2011","YEAR","","STATE","COLORADO","08","","","","","","","00000000","","MILK","MILK - SALES, MEASURED IN $","TOTAL","NOT SPECIFIED","594,200,000",""
"SURVEY","2011","YEAR","","STATE","CONNECTICUT","09","","","","","","","00000000","","MILK","MILK - SALES, MEASURED IN $","TOTAL","NOT SPECIFIED","78,402,000",""
"SURVEY","2011","YEAR","","STATE","DELAWARE","10","","","","","","","00000000","","MILK","MILK - SALES, MEASURED IN $","TOTAL","NOT SPECIFIED","19,005,000",""
"SURVEY","2011","YEAR","","STATE","FLORIDA","12","","","","","","","00000000","","MILK","MILK - SALES, MEASURED IN $","TOTAL","NOT SPECIFIED","547,646,000",""
"SURVEY","2011","YEAR","","STATE","GEORGIA","13","","","","","","","00000000","","MILK","MILK - SALES, MEASURED IN $","TOTAL","NOT SPECIFIED","317,020,000",""
"SURVEY","2011","YEAR","","STATE","HAWAII","15","","","","","","","00000000","","MILK","MILK - SALES, MEASURED IN $","TOTAL","NOT SPECIFIED","9,547,000",""
"SURVEY","2011","YEAR","","STATE","IDAHO","16","","","","","","","00000000","","MILK","MILK - SALES, MEASURED IN $","TOTAL","NOT SPECIFIED","2,433,216,000",""
"SURVEY","2011","YEAR","","STATE","ILLINOIS","17","","","","","","","00000000","","MILK","MILK - SALES, MEASURED IN $","TOTAL","NOT SPECIFIED","378,420,000",""
"SURVEY","2011","YEAR","","STATE","INDIANA","18","","","","","","","00000000","","MILK","MILK - SALES, MEASURED IN $","TOTAL","NOT SPECIFIED","740,880,000",""
"SURVEY","2011","YEAR","","STATE","IOWA","19","","","","","","","00000000","","MILK","MILK - SALES, MEASURED IN $","TOTAL","NOT SPECIFIED","883,755,000",""
"SURVEY","2011","YEAR","","STATE","KANSAS","20","","","","","","","00000000","","MILK","MILK - SALES, MEASURED IN $","TOTAL","NOT SPECIFIED","540,540,000",""
"SURVEY","2011","YEAR","","STATE","KENTUCKY","21","","","","","","","00000000","","MILK","MILK - SALES, MEASURED IN $","TOTAL","NOT SPECIFIED","233,496,000",""
"SURVEY","2011","YEAR","","STATE","LOUISIANA","22","","","","","","","00000000","","MILK","MILK - SALES, MEASURED IN $","TOTAL","NOT SPECIFIED","49,713,000",""
"SURVEY","2011","YEAR","","STATE","MAINE","23","","","","","","","00000000","","MILK","MILK - SALES, MEASURED IN $","TOTAL","NOT SPECIFIED","133,650,000",""
"SURVEY","2011","YEAR","","STATE","MARYLAND","24","","","","","","","00000000","","MILK","MILK - SALES, MEASURED IN $","TOTAL","NOT SPECIFIED","204,906,000",""
"SURVEY","2011","YEAR","","STATE","MASSACHUSETTS","25","","","","","","","00000000","","MILK","MILK - SALES, MEASURED IN $","TOTAL","NOT SPECIFIED","47,960,000",""
"SURVEY","2011","YEAR","","STATE","MICHIGAN","26","","","","","","","00000000","","MILK","MILK - SALES, MEASURED IN $","TOTAL","NOT SPECIFIED","1,774,290,000",""
"SURVEY","2011","YEAR","","STATE","MINNESOTA","27","","","","","","","00000000","","MILK","MILK - SALES, MEASURED IN $","TOTAL","NOT SPECIFIED","1,800,925,000",""
"SURVEY","2011","YEAR","","STATE","MISSISSIPPI","28","","","","","","","00000000","","MILK","MILK - SALES, MEASURED IN $","TOTAL","NOT SPECIFIED","45,046,000",""
"SURVEY","2011","YEAR","","STATE","MISSOURI","29","","","","","","","00000000","","MILK","MILK - SALES, MEASURED IN $","TOTAL","NOT SPECIFIED","282,969,000",""
"SURVEY","2011","YEAR","","STATE","MONTANA","30","","","","","","","00000000","","MILK","MILK - SALES, MEASURED IN $","TOTAL","NOT SPECIFIED","56,317,000",""
"SURVEY","2011","YEAR","","STATE","NEBRASKA","31","","","","","","","00000000","","MILK","MILK - SALES, MEASURED IN $","TOTAL","NOT SPECIFIED","248,358,000",""
"SURVEY","2011","YEAR","","STATE","NEVADA","32","","","","","","","00000000","","MILK","MILK - SALES, MEASURED IN $","TOTAL","NOT SPECIFIED","136,827,000",""
"SURVEY","2011","YEAR","","STATE","NEW HAMPSHIRE","33","","","","","","","00000000","","MILK","MILK - SALES, MEASURED IN $","TOTAL","NOT SPECIFIED","61,628,000",""
"SURVEY","2011","YEAR","","STATE","NEW JERSEY","34","","","","","","","00000000","","MILK","MILK - SALES, MEASURED IN $","TOTAL","NOT SPECIFIED","27,797,000",""
"SURVEY","2011","YEAR","","STATE","NEW MEXICO","35","","","","","","","00000000","","MILK","MILK - SALES, MEASURED IN $","TOTAL","NOT SPECIFIED","1,577,608,000",""
"SURVEY","2011","YEAR","","STATE","NEW YORK","36","","","","","","","00000000","","MILK","MILK - SALES, MEASURED IN $","TOTAL","NOT SPECIFIED","2,740,484,000",""
"SURVEY","2011","YEAR","","STATE","NORTH CAROLINA","37","","","","","","","00000000","","MILK","MILK - SALES, MEASURED IN $","TOTAL","NOT SPECIFIED","205,642,000",""
"SURVEY","2011","YEAR","","STATE","NORTH DAKOTA","38","","","","","","","00000000","","MILK","MILK - SALES, MEASURED IN $","TOTAL","NOT SPECIFIED","67,200,000",""
"SURVEY","2011","YEAR","","STATE","OHIO","39","","","","","","","00000000","","MILK","MILK - SALES, MEASURED IN $","TOTAL","NOT SPECIFIED","1,111,474,000",""
"SURVEY","2011","YEAR","","STATE","OKLAHOMA","40","","","","","","","00000000","","MILK","MILK - SALES, MEASURED IN $","TOTAL","NOT SPECIFIED","201,080,000",""
"SURVEY","2011","YEAR","","STATE","OREGON","41","","","","","","","00000000","","MILK","MILK - SALES, MEASURED IN $","TOTAL","NOT SPECIFIED","525,798,000",""
"SURVEY","2011","YEAR","","STATE","PENNSYLVANIA","42","","","","","","","00000000","","MILK","MILK - SALES, MEASURED IN $","TOTAL","NOT SPECIFIED","2,319,837,000",""
"SURVEY","2011","YEAR","","STATE","RHODE ISLAND","44","","","","","","","00000000","","MILK","MILK - SALES, MEASURED IN $","TOTAL","NOT SPECIFIED","4,271,000",""
"SURVEY","2011","YEAR","","STATE","SOUTH CAROLINA","45","","","","","","","00000000","","MILK","MILK - SALES, MEASURED IN $","TOTAL","NOT SPECIFIED","62,928,000",""
"SURVEY","2011","YEAR","","STATE","SOUTH DAKOTA","46","","","","","","","00000000","","MILK","MILK - SALES, MEASURED IN $","TOTAL","NOT SPECIFIED","386,262,000",""
"SURVEY","2011","YEAR","","STATE","TENNESSEE","47","","","","","","","00000000","","MILK","MILK - SALES, MEASURED IN $","TOTAL","NOT SPECIFIED","174,902,000",""
"SURVEY","2011","YEAR","","STATE","TEXAS","48","","","","","","","00000000","","MILK","MILK - SALES, MEASURED IN $","TOTAL","NOT SPECIFIED","1,986,816,000",""
"SURVEY","2011","YEAR","","STATE","UTAH","49","","","","","","","00000000","","MILK","MILK - SALES, MEASURED IN $","TOTAL","NOT SPECIFIED","401,408,000",""
"SURVEY","2011","YEAR","","STATE","VERMONT","50","","","","","","","00000000","","MILK","MILK - SALES, MEASURED IN $","TOTAL","NOT SPECIFIED","544,968,000",""
"SURVEY","2011","YEAR","","STATE","VIRGINIA","51","","","","","","","00000000","","MILK","MILK - SALES, MEASURED IN $","TOTAL","NOT SPECIFIED","395,241,000",""
"SURVEY","2011","YEAR","","STATE","WASHINGTON","53","","","","","","","00000000","","MILK","MILK - SALES, MEASURED IN $","TOTAL","NOT SPECIFIED","1,273,464,000",""
"SURVEY","2011","YEAR","","STATE","WEST VIRGINIA","54","","","","","","","00000000","","MILK","MILK - SALES, MEASURED IN $","TOTAL","NOT SPECIFIED","32,240,000",""
"SURVEY","2011","YEAR","","STATE","WISCONSIN","55","","","","","","","00000000","","MILK","MILK - SALES, MEASURED IN $","TOTAL","NOT SPECIFIED","5,233,137,000",""
"SURVEY","2011","YEAR","","STATE","WYOMING","56","","","","","","","00000000","","MILK","MILK - SALES, MEASURED IN $","TOTAL","NOT SPECIFIED","23,834,000",""
"SURVEY","2010","YEAR","","STATE","ALABAMA","01","","","","","","","00000000","","MILK","MILK - SALES, MEASURED IN $","TOTAL","NOT SPECIFIED","30,225,000",""
"SURVEY","2010","YEAR","","STATE","ALASKA","02","","","","","","","00000000","","MILK","MILK - SALES, MEASURED IN $","TOTAL","NOT SPECIFIED","1,610,000",""
"SURVEY","2010","YEAR","","STATE","ARIZONA","04","","","","","","","00000000","","MILK","MILK - SALES, MEASURED IN $","TOTAL","NOT SPECIFIED","657,942,000",""
"SURVEY","2010","YEAR","","STATE","ARKANSAS","05","","","","","","","00000000","","MILK","MILK - SALES, MEASURED IN $","TOTAL","NOT SPECIFIED","25,821,000",""
"SURVEY","2010","YEAR","","STATE","CALIFORNIA","06","","","","","","","00000000","","MILK","MILK - SALES, MEASURED IN $","TOTAL","NOT SPECIFIED","5,928,150,000",""
"SURVEY","2010","YEAR","","STATE","COLORADO","08","","","","","","","00000000","","MILK","MILK - SALES, MEASURED IN $","TOTAL","NOT SPECIFIED","456,740,000",""
"SURVEY","2010","YEAR","","STATE","CONNECTICUT","09","","","","","","","00000000","","MILK","MILK - SALES, MEASURED IN $","TOTAL","NOT SPECIFIED","64,980,000",""
"SURVEY","2010","YEAR","","STATE","DELAWARE","10","","","","","","","00000000","","MILK","MILK - SALES, MEASURED IN $","TOTAL","NOT SPECIFIED","16,376,000",""
"SURVEY","2010","YEAR","","STATE","FLORIDA","12","","","","","","","00000000","","MILK","MILK - SALES, MEASURED IN $","TOTAL","NOT SPECIFIED","440,289,000",""
"SURVEY","2010","YEAR","","STATE","GEORGIA","13","","","","","","","00000000","","MILK","MILK - SALES, MEASURED IN $","TOTAL","NOT SPECIFIED","254,656,000",""
"SURVEY","2010","YEAR","","STATE","HAWAII","15","","","","","","","00000000","","MILK","MILK - SALES, MEASURED IN $","TOTAL","NOT SPECIFIED","8,750,000",""
"SURVEY","2010","YEAR","","STATE","IDAHO","16","","","","","","","00000000","","MILK","MILK - SALES, MEASURED IN $","TOTAL","NOT SPECIFIED","1,899,154,000",""
"SURVEY","2010","YEAR","","STATE","ILLINOIS","17","","","","","","","00000000","","MILK","MILK - SALES, MEASURED IN $","TOTAL","NOT SPECIFIED","312,588,000",""
"SURVEY","2010","YEAR","","STATE","INDIANA","18","","","","","","","00000000","","MILK","MILK - SALES, MEASURED IN $","TOTAL","NOT SPECIFIED","586,470,000",""
"SURVEY","2010","YEAR","","STATE","IOWA","19","","","","","","","00000000","","MILK","MILK - SALES, MEASURED IN $","TOTAL","NOT SPECIFIED","713,955,000",""
"SURVEY","2010","YEAR","","STATE","KANSAS","20","","","","","","","00000000","","MILK","MILK - SALES, MEASURED IN $","TOTAL","NOT SPECIFIED","430,078,000",""
"SURVEY","2010","YEAR","","STATE","KENTUCKY","21","","","","","","","00000000","","MILK","MILK - SALES, MEASURED IN $","TOTAL","NOT SPECIFIED","204,239,000",""
"SURVEY","2010","YEAR","","STATE","LOUISIANA","22","","","","","","","00000000","","MILK","MILK - SALES, MEASURED IN $","TOTAL","NOT SPECIFIED","41,400,000",""
"SURVEY","2010","YEAR","","STATE","MAINE","23","","","","","","","00000000","","MILK","MILK - SALES, MEASURED IN $","TOTAL","NOT SPECIFIED","108,438,000",""
"SURVEY","2010","YEAR","","STATE","MARYLAND","24","","","","","","","00000000","","MILK","MILK - SALES, MEASURED IN $","TOTAL","NOT SPECIFIED","182,896,000",""
"SURVEY","2010","YEAR","","STATE","MASSACHUSETTS","25","","","","","","","00000000","","MILK","MILK - SALES, MEASURED IN $","TOTAL","NOT SPECIFIED","43,200,000",""
"SURVEY","2010","YEAR","","STATE","MICHIGAN","26","","","","","","","00000000","","MILK","MILK - SALES, MEASURED IN $","TOTAL","NOT SPECIFIED","1,412,020,000",""
"SURVEY","2010","YEAR","","STATE","MINNESOTA","27","","","","","","","00000000","","MILK","MILK - SALES, MEASURED IN $","TOTAL","NOT SPECIFIED","1,449,322,000",""
"SURVEY","2010","YEAR","","STATE","MISSISSIPPI","28","","","","","","","00000000","","MILK","MILK - SALES, MEASURED IN $","TOTAL","NOT SPECIFIED","40,664,000",""
"SURVEY","2010","YEAR","","STATE","MISSOURI","29","","","","","","","00000000","","MILK","MILK - SALES, MEASURED IN $","TOTAL","NOT SPECIFIED","236,052,000",""
"SURVEY","2010","YEAR","","STATE","MONTANA","30","","","","","","","00000000","","MILK","MILK - SALES, MEASURED IN $","TOTAL","NOT SPECIFIED","47,996,000",""
"SURVEY","2010","YEAR","","STATE","NEBRASKA","31","","","","","","","00000000","","MILK","MILK - SALES, MEASURED IN $","TOTAL","NOT SPECIFIED","200,680,000",""
"SURVEY","2010","YEAR","","STATE","NEVADA","32","","","","","","","00000000","","MILK","MILK - SALES, MEASURED IN $","TOTAL","NOT SPECIFIED","111,202,000",""
"SURVEY","2010","YEAR","","STATE","NEW HAMPSHIRE","33","","","","","","","00000000","","MILK","MILK - SALES, MEASURED IN $","TOTAL","NOT SPECIFIED","51,976,000",""
"SURVEY","2010","YEAR","","STATE","NEW JERSEY","34","","","","","","","00000000","","MILK","MILK - SALES, MEASURED IN $","TOTAL","NOT SPECIFIED","23,184,000",""
"SURVEY","2010","YEAR","","STATE","NEW MEXICO","35","","","","","","","00000000","","MILK","MILK - SALES, MEASURED IN $","TOTAL","NOT SPECIFIED","1,237,140,000",""
"SURVEY","2010","YEAR","","STATE","NEW YORK","36","","","","","","","00000000","","MILK","MILK - SALES, MEASURED IN $","TOTAL","NOT SPECIFIED","2,206,494,000",""
"SURVEY","2010","YEAR","","STATE","NORTH CAROLINA","37","","","","","","","00000000","","MILK","MILK - SALES, MEASURED IN $","TOTAL","NOT SPECIFIED","165,787,000",""
"SURVEY","2010","YEAR","","STATE","NORTH DAKOTA","38","","","","","","","00000000","","MILK","MILK - SALES, MEASURED IN $","TOTAL","NOT SPECIFIED","59,466,000",""
"SURVEY","2010","YEAR","","STATE","OHIO","39","","","","","","","00000000","","MILK","MILK - SALES, MEASURED IN $","TOTAL","NOT SPECIFIED","932,720,000",""
"SURVEY","2010","YEAR","","STATE","OKLAHOMA","40","","","","","","","00000000","","MILK","MILK - SALES, MEASURED IN $","TOTAL","NOT SPECIFIED","171,000,000",""
"SURVEY","2010","YEAR","","STATE","OREGON","41","","","","","","","00000000","","MILK","MILK - SALES, MEASURED IN $","TOTAL","NOT SPECIFIED","411,567,000",""
"SURVEY","2010","YEAR","","STATE","PENNSYLVANIA","42","","","","","","","00000000","","MILK","MILK - SALES, MEASURED IN $","TOTAL","NOT SPECIFIED","1,954,989,000",""
"SURVEY","2010","YEAR","","STATE","RHODE ISLAND","44","","","","","","","00000000","","MILK","MILK - SALES, MEASURED IN $","TOTAL","NOT SPECIFIED","3,492,000",""
"SURVEY","2010","YEAR","","STATE","SOUTH CAROLINA","45","","","","","","","00000000","","MILK","MILK - SALES, MEASURED IN $","TOTAL","NOT SPECIFIED","56,317,000",""
"SURVEY","2010","YEAR","","STATE","SOUTH DAKOTA","46","","","","","","","00000000","","MILK","MILK - SALES, MEASURED IN $","TOTAL","NOT SPECIFIED","309,705,000",""
"SURVEY","2010","YEAR","","STATE","TENNESSEE","47","","","","","","","00000000","","MILK","MILK - SALES, MEASURED IN $","TOTAL","NOT SPECIFIED","151,434,000",""
"SURVEY","2010","YEAR","","STATE","TEXAS","48","","","","","","","00000000","","MILK","MILK - SALES, MEASURED IN $","TOTAL","NOT SPECIFIED","1,505,313,000",""
"SURVEY","2010","YEAR","","STATE","UTAH","49","","","","","","","00000000","","MILK","MILK - SALES, MEASURED IN $","TOTAL","NOT SPECIFIED","310,068,000",""
"SURVEY","2010","YEAR","","STATE","VERMONT","50","","","","","","","00000000","","MILK","MILK - SALES, MEASURED IN $","TOTAL","NOT SPECIFIED","443,208,000",""
"SURVEY","2010","YEAR","","STATE","VIRGINIA","51","","","","","","","00000000","","MILK","MILK - SALES, MEASURED IN $","TOTAL","NOT SPECIFIED","331,934,000",""
"SURVEY","2010","YEAR","","STATE","WASHINGTON","53","","","","","","","00000000","","MILK","MILK - SALES, MEASURED IN $","TOTAL","NOT SPECIFIED","947,646,000",""
"SURVEY","2010","YEAR","","STATE","WEST VIRGINIA","54","","","","","","","00000000","","MILK","MILK - SALES, MEASURED IN $","TOTAL","NOT SPECIFIED","26,195,000",""
"SURVEY","2010","YEAR","","STATE","WISCONSIN","55","","","","","","","00000000","","MILK","MILK - SALES, MEASURED IN $","TOTAL","NOT SPECIFIED","4,147,199,000",""
"SURVEY","2010","YEAR","","STATE","WYOMING","56","","","","","","","00000000","","MILK","MILK - SALES, MEASURED IN $","TOTAL","NOT SPECIFIED","19,619,000",""
"SURVEY","2009","YEAR","","STATE","ALABAMA","01","","","","","","","00000000","","MILK","MILK - SALES, MEASURED IN $","TOTAL","NOT SPECIFIED","25,428,000",""
"SURVEY","2009","YEAR","","STATE","ALASKA","02","","","","","","","00000000","","MILK","MILK - SALES, MEASURED IN $","TOTAL","NOT SPECIFIED","1,348,000",""
"SURVEY","2009","YEAR","","STATE","ARIZONA","04","","","","","","","00000000","","MILK","MILK - SALES, MEASURED IN $","TOTAL","NOT SPECIFIED","492,349,000",""
"SURVEY","2009","YEAR","","STATE","ARKANSAS","05","","","","","","","00000000","","MILK","MILK - SALES, MEASURED IN $","TOTAL","NOT SPECIFIED","21,842,000",""
"SURVEY","2009","YEAR","","STATE","CALIFORNIA","06","","","","","","","00000000","","MILK","MILK - SALES, MEASURED IN $","TOTAL","NOT SPECIFIED","4,537,171,000",""
"SURVEY","2009","YEAR","","STATE","COLORADO","08","","","","","","","00000000","","MILK","MILK - SALES, MEASURED IN $","TOTAL","NOT SPECIFIED","358,912,000",""
"SURVEY","2009","YEAR","","STATE","CONNECTICUT","09","","","","","","","00000000","","MILK","MILK - SALES, MEASURED IN $","TOTAL","NOT SPECIFIED","50,050,000",""
"SURVEY","2009","YEAR","","STATE","DELAWARE","10","","","","","","","00000000","","MILK","MILK - SALES, MEASURED IN $","TOTAL","NOT SPECIFIED","14,342,000",""
"SURVEY","2009","YEAR","","STATE","FLORIDA","12","","","","","","","00000000","","MILK","MILK - SALES, MEASURED IN $","TOTAL","NOT SPECIFIED","350,506,000",""
"SURVEY","2009","YEAR","","STATE","GEORGIA","13","","","","","","","00000000","","MILK","MILK - SALES, MEASURED IN $","TOTAL","NOT SPECIFIED","202,648,000",""
"SURVEY","2009","YEAR","","STATE","HAWAII","15","","","","","","","00000000","","MILK","MILK - SALES, MEASURED IN $","TOTAL","NOT SPECIFIED","7,491,000",""
"SURVEY","2009","YEAR","","STATE","IDAHO","16","","","","","","","00000000","","MILK","MILK - SALES, MEASURED IN $","TOTAL","NOT SPECIFIED","1,430,514,000",""
"SURVEY","2009","YEAR","","STATE","ILLINOIS","17","","","","","","","00000000","","MILK","MILK - SALES, MEASURED IN $","TOTAL","NOT SPECIFIED","246,050,000",""
"SURVEY","2009","YEAR","","STATE","INDIANA","18","","","","","","","00000000","","MILK","MILK - SALES, MEASURED IN $","TOTAL","NOT SPECIFIED","449,972,000",""
"SURVEY","2009","YEAR","","STATE","IOWA","19","","","","","","","00000000","","MILK","MILK - SALES, MEASURED IN $","TOTAL","NOT SPECIFIED","565,092,000",""
"SURVEY","2009","YEAR","","STATE","KANSAS","20","","","","","","","00000000","","MILK","MILK - SALES, MEASURED IN $","TOTAL","NOT SPECIFIED","346,780,000",""
"SURVEY","2009","YEAR","","STATE","KENTUCKY","21","","","","","","","00000000","","MILK","MILK - SALES, MEASURED IN $","TOTAL","NOT SPECIFIED","165,675,000",""
"SURVEY","2009","YEAR","","STATE","LOUISIANA","22","","","","","","","00000000","","MILK","MILK - SALES, MEASURED IN $","TOTAL","NOT SPECIFIED","37,630,000",""
"SURVEY","2009","YEAR","","STATE","MAINE","23","","","","","","","00000000","","MILK","MILK - SALES, MEASURED IN $","TOTAL","NOT SPECIFIED","87,616,000",""
"SURVEY","2009","YEAR","","STATE","MARYLAND","24","","","","","","","00000000","","MILK","MILK - SALES, MEASURED IN $","TOTAL","NOT SPECIFIED","144,565,000",""
"SURVEY","2009","YEAR","","STATE","MASSACHUSETTS","25","","","","","","","00000000","","MILK","MILK - SALES, MEASURED IN $","TOTAL","NOT SPECIFIED","34,892,000",""
"SURVEY","2009","YEAR","","STATE","MICHIGAN","26","","","","","","","00000000","","MILK","MILK - SALES, MEASURED IN $","TOTAL","NOT SPECIFIED","1,063,960,000",""
"SURVEY","2009","YEAR","","STATE","MINNESOTA","27","","","","","","","00000000","","MILK","MILK - SALES, MEASURED IN $","TOTAL","NOT SPECIFIED","1,194,476,000",""
"SURVEY","2009","YEAR","","STATE","MISSISSIPPI","28","","","","","","","00000000","","MILK","MILK - SALES, MEASURED IN $","TOTAL","NOT SPECIFIED","35,464,000",""
"SURVEY","2009","YEAR","","STATE","MISSOURI","29","","","","","","","00000000","","MILK","MILK - SALES, MEASURED IN $","TOTAL","NOT SPECIFIED","200,850,000",""
"SURVEY","2009","YEAR","","STATE","MONTANA","30","","","","","","","00000000","","MILK","MILK - SALES, MEASURED IN $","TOTAL","NOT SPECIFIED","42,778,000",""
"SURVEY","2009","YEAR","","STATE","NEBRASKA","31","","","","","","","00000000","","MILK","MILK - SALES, MEASURED IN $","TOTAL","NOT SPECIFIED","159,460,000",""
"SURVEY","2009","YEAR","","STATE","NEVADA","32","","","","","","","00000000","","MILK","MILK - SALES, MEASURED IN $","TOTAL","NOT SPECIFIED","69,198,000",""
"SURVEY","2009","YEAR","","STATE","NEW HAMPSHIRE","33","","","","","","","00000000","","MILK","MILK - SALES, MEASURED IN $","TOTAL","NOT SPECIFIED","40,600,000",""
"SURVEY","2009","YEAR","","STATE","NEW JERSEY","34","","","","","","","00000000","","MILK","MILK - SALES, MEASURED IN $","TOTAL","NOT SPECIFIED","19,968,000",""
"SURVEY","2009","YEAR","","STATE","NEW MEXICO","35","","","","","","","00000000","","MILK","MILK - SALES, MEASURED IN $","TOTAL","NOT SPECIFIED","950,213,000",""
"SURVEY","2009","YEAR","","STATE","NEW YORK","36","","","","","","","00000000","","MILK","MILK - SALES, MEASURED IN $","TOTAL","NOT SPECIFIED","1,685,312,000",""
"SURVEY","2009","YEAR","","STATE","NORTH CAROLINA","37","","","","","","","00000000","","MILK","MILK - SALES, MEASURED IN $","TOTAL","NOT SPECIFIED","133,000,000",""
"SURVEY","2009","YEAR","","STATE","NORTH DAKOTA","38","","","","","","","00000000","","MILK","MILK - SALES, MEASURED IN $","TOTAL","NOT SPECIFIED","49,010,000",""
"SURVEY","2009","YEAR","","STATE","OHIO","39","","","","","","","00000000","","MILK","MILK - SALES, MEASURED IN $","TOTAL","NOT SPECIFIED","727,842,000",""
"SURVEY","2009","YEAR","","STATE","OKLAHOMA","40","","","","","","","00000000","","MILK","MILK - SALES, MEASURED IN $","TOTAL","NOT SPECIFIED","144,832,000",""
"SURVEY","2009","YEAR","","STATE","OREGON","41","","","","","","","00000000","","MILK","MILK - SALES, MEASURED IN $","TOTAL","NOT SPECIFIED","305,099,000",""
"SURVEY","2009","YEAR","","STATE","PENNSYLVANIA","42","","","","","","","00000000","","MILK","MILK - SALES, MEASURED IN $","TOTAL","NOT SPECIFIED","1,509,840,000",""
"SURVEY","2009","YEAR","","STATE","RHODE ISLAND","44","","","","","","","00000000","","MILK","MILK - SALES, MEASURED IN $","TOTAL","NOT SPECIFIED","2,769,000",""
"SURVEY","2009","YEAR","","STATE","SOUTH CAROLINA","45","","","","","","","00000000","","MILK","MILK - SALES, MEASURED IN $","TOTAL","NOT SPECIFIED","51,198,000",""
"SURVEY","2009","YEAR","","STATE","SOUTH DAKOTA","46","","","","","","","00000000","","MILK","MILK - SALES, MEASURED IN $","TOTAL","NOT SPECIFIED","259,854,000",""
"SURVEY","2009","YEAR","","STATE","TENNESSEE","47","","","","","","","00000000","","MILK","MILK - SALES, MEASURED IN $","TOTAL","NOT SPECIFIED","127,605,000",""
"SURVEY","2009","YEAR","","STATE","TEXAS","48","","","","","","","00000000","","MILK","MILK - SALES, MEASURED IN $","TOTAL","NOT SPECIFIED","1,172,262,000",""
"SURVEY","2009","YEAR","","STATE","UTAH","49","","","","","","","00000000","","MILK","MILK - SALES, MEASURED IN $","TOTAL","NOT SPECIFIED","214,476,000",""
"SURVEY","2009","YEAR","","STATE","VERMONT","50","","","","","","","00000000","","MILK","MILK - SALES, MEASURED IN $","TOTAL","NOT SPECIFIED","338,238,000",""
"SURVEY","2009","YEAR","","STATE","VIRGINIA","51","","","","","","","00000000","","MILK","MILK - SALES, MEASURED IN $","TOTAL","NOT SPECIFIED","264,384,000",""
"SURVEY","2009","YEAR","","STATE","WASHINGTON","53","","","","","","","00000000","","MILK","MILK - SALES, MEASURED IN $","TOTAL","NOT SPECIFIED","681,912,000",""
"SURVEY","2009","YEAR","","STATE","WEST VIRGINIA","54","","","","","","","00000000","","MILK","MILK - SALES, MEASURED IN $","TOTAL","NOT SPECIFIED","20,640,000",""
"SURVEY","2009","YEAR","","STATE","WISCONSIN","55","","","","","","","00000000","","MILK","MILK - SALES, MEASURED IN $","TOTAL","NOT SPECIFIED","3,270,677,000",""
"SURVEY","2009","YEAR","","STATE","WYOMING","56","","","","","","","00000000","","MILK","MILK - SALES, MEASURED IN $","TOTAL","NOT SPECIFIED","14,242,000",""
"SURVEY","2008","YEAR","","STATE","ALABAMA","01","","","","","","","00000000","","MILK","MILK - SALES, MEASURED IN $","TOTAL","NOT SPECIFIED","39,711,000",""
"SURVEY","2008","YEAR","","STATE","ALASKA","02","","","","","","","00000000","","MILK","MILK - SALES, MEASURED IN $","TOTAL","NOT SPECIFIED","1,392,000",""
"SURVEY","2008","YEAR","","STATE","ARIZONA","04","","","","","","","00000000","","MILK","MILK - SALES, MEASURED IN $","TOTAL","NOT SPECIFIED","763,488,000",""
"SURVEY","2008","YEAR","","STATE","ARKANSAS","05","","","","","","","00000000","","MILK","MILK - SALES, MEASURED IN $","TOTAL","NOT SPECIFIED","36,616,000",""
"SURVEY","2008","YEAR","","STATE","CALIFORNIA","06","","","","","","","00000000","","MILK","MILK - SALES, MEASURED IN $","TOTAL","NOT SPECIFIED","6,924,121,000",""
"SURVEY","2008","YEAR","","STATE","COLORADO","08","","","","","","","00000000","","MILK","MILK - SALES, MEASURED IN $","TOTAL","NOT SPECIFIED","533,968,000",""
"SURVEY","2008","YEAR","","STATE","CONNECTICUT","09","","","","","","","00000000","","MILK","MILK - SALES, MEASURED IN $","TOTAL","NOT SPECIFIED","72,922,000",""
"SURVEY","2008","YEAR","","STATE","DELAWARE","10","","","","","","","00000000","","MILK","MILK - SALES, MEASURED IN $","TOTAL","NOT SPECIFIED","20,383,000",""
"SURVEY","2008","YEAR","","STATE","FLORIDA","12","","","","","","","00000000","","MILK","MILK - SALES, MEASURED IN $","TOTAL","NOT SPECIFIED","464,430,000",""
"SURVEY","2008","YEAR","","STATE","GEORGIA","13","","","","","","","00000000","","MILK","MILK - SALES, MEASURED IN $","TOTAL","NOT SPECIFIED","280,687,000",""
"SURVEY","2008","YEAR","","STATE","HAWAII","15","","","","","","","00000000","","MILK","MILK - SALES, MEASURED IN $","TOTAL","NOT SPECIFIED","5,460,000",""
"SURVEY","2008","YEAR","","STATE","IDAHO","16","","","","","","","00000000","","MILK","MILK - SALES, MEASURED IN $","TOTAL","NOT SPECIFIED","2,100,564,000",""
"SURVEY","2008","YEAR","","STATE","ILLINOIS","17","","","","","","","00000000","","MILK","MILK - SALES, MEASURED IN $","TOTAL","NOT SPECIFIED","362,796,000",""
"SURVEY","2008","YEAR","","STATE","INDIANA","18","","","","","","","00000000","","MILK","MILK - SALES, MEASURED IN $","TOTAL","NOT SPECIFIED","639,352,000",""
"SURVEY","2008","YEAR","","STATE","IOWA","19","","","","","","","00000000","","MILK","MILK - SALES, MEASURED IN $","TOTAL","NOT SPECIFIED","779,590,000",""
"SURVEY","2008","YEAR","","STATE","KANSAS","20","","","","","","","00000000","","MILK","MILK - SALES, MEASURED IN $","TOTAL","NOT SPECIFIED","454,356,000",""
"SURVEY","2008","YEAR","","STATE","KENTUCKY","21","","","","","","","00000000","","MILK","MILK - SALES, MEASURED IN $","TOTAL","NOT SPECIFIED","237,600,000",""
"SURVEY","2008","YEAR","","STATE","LOUISIANA","22","","","","","","","00000000","","MILK","MILK - SALES, MEASURED IN $","TOTAL","NOT SPECIFIED","64,377,000",""
"SURVEY","2008","YEAR","","STATE","MAINE","23","","","","","","","00000000","","MILK","MILK - SALES, MEASURED IN $","TOTAL","NOT SPECIFIED","123,786,000",""
"SURVEY","2008","YEAR","","STATE","MARYLAND","24","","","","","","","00000000","","MILK","MILK - SALES, MEASURED IN $","TOTAL","NOT SPECIFIED","194,180,000",""
"SURVEY","2008","YEAR","","STATE","MASSACHUSETTS","25","","","","","","","00000000","","MILK","MILK - SALES, MEASURED IN $","TOTAL","NOT SPECIFIED","50,904,000",""
"SURVEY","2008","YEAR","","STATE","MICHIGAN","26","","","","","","","00000000","","MILK","MILK - SALES, MEASURED IN $","TOTAL","NOT SPECIFIED","1,485,696,000",""
"SURVEY","2008","YEAR","","STATE","MINNESOTA","27","","","","","","","00000000","","MILK","MILK - SALES, MEASURED IN $","TOTAL","NOT SPECIFIED","1,658,262,000",""
"SURVEY","2008","YEAR","","STATE","MISSISSIPPI","28","","","","","","","00000000","","MILK","MILK - SALES, MEASURED IN $","TOTAL","NOT SPECIFIED","60,112,000",""
"SURVEY","2008","YEAR","","STATE","MISSOURI","29","","","","","","","00000000","","MILK","MILK - SALES, MEASURED IN $","TOTAL","NOT SPECIFIED","300,888,000",""
"SURVEY","2008","YEAR","","STATE","MONTANA","30","","","","","","","00000000","","MILK","MILK - SALES, MEASURED IN $","TOTAL","NOT SPECIFIED","57,950,000",""
"SURVEY","2008","YEAR","","STATE","NEBRASKA","31","","","","","","","00000000","","MILK","MILK - SALES, MEASURED IN $","TOTAL","NOT SPECIFIED","202,986,000",""
"SURVEY","2008","YEAR","","STATE","NEVADA","32","","","","","","","00000000","","MILK","MILK - SALES, MEASURED IN $","TOTAL","NOT SPECIFIED","109,343,000",""
"SURVEY","2008","YEAR","","STATE","NEW HAMPSHIRE","33","","","","","","","00000000","","MILK","MILK - SALES, MEASURED IN $","TOTAL","NOT SPECIFIED","58,904,000",""
"SURVEY","2008","YEAR","","STATE","NEW JERSEY","34","","","","","","","00000000","","MILK","MILK - SALES, MEASURED IN $","TOTAL","NOT SPECIFIED","30,895,000",""
"SURVEY","2008","YEAR","","STATE","NEW MEXICO","35","","","","","","","00000000","","MILK","MILK - SALES, MEASURED IN $","TOTAL","NOT SPECIFIED","1,363,250,000",""
"SURVEY","2008","YEAR","","STATE","NEW YORK","36","","","","","","","00000000","","MILK","MILK - SALES, MEASURED IN $","TOTAL","NOT SPECIFIED","2,380,800,000",""
"SURVEY","2008","YEAR","","STATE","NORTH CAROLINA","37","","","","","","","00000000","","MILK","MILK - SALES, MEASURED IN $","TOTAL","NOT SPECIFIED","189,630,000",""
"SURVEY","2008","YEAR","","STATE","NORTH DAKOTA","38","","","","","","","00000000","","MILK","MILK - SALES, MEASURED IN $","TOTAL","NOT SPECIFIED","75,295,000",""
"SURVEY","2008","YEAR","","STATE","OHIO","39","","","","","","","00000000","","MILK","MILK - SALES, MEASURED IN $","TOTAL","NOT SPECIFIED","1,005,685,000",""
"SURVEY","2008","YEAR","","STATE","OKLAHOMA","40","","","","","","","00000000","","MILK","MILK - SALES, MEASURED IN $","TOTAL","NOT SPECIFIED","212,100,000",""
"SURVEY","2008","YEAR","","STATE","OREGON","41","","","","","","","00000000","","MILK","MILK - SALES, MEASURED IN $","TOTAL","NOT SPECIFIED","408,822,000",""
"SURVEY","2008","YEAR","","STATE","PENNSYLVANIA","42","","","","","","","00000000","","MILK","MILK - SALES, MEASURED IN $","TOTAL","NOT SPECIFIED","2,102,200,000",""
"SURVEY","2008","YEAR","","STATE","RHODE ISLAND","44","","","","","","","00000000","","MILK","MILK - SALES, MEASURED IN $","TOTAL","NOT SPECIFIED","3,980,000",""
"SURVEY","2008","YEAR","","STATE","SOUTH CAROLINA","45","","","","","","","00000000","","MILK","MILK - SALES, MEASURED IN $","TOTAL","NOT SPECIFIED","68,800,000",""
"SURVEY","2008","YEAR","","STATE","SOUTH DAKOTA","46","","","","","","","00000000","","MILK","MILK - SALES, MEASURED IN $","TOTAL","NOT SPECIFIED","341,508,000",""
"SURVEY","2008","YEAR","","STATE","TENNESSEE","47","","","","","","","00000000","","MILK","MILK - SALES, MEASURED IN $","TOTAL","NOT SPECIFIED","190,688,000",""
"SURVEY","2008","YEAR","","STATE","TEXAS","48","","","","","","","00000000","","MILK","MILK - SALES, MEASURED IN $","TOTAL","NOT SPECIFIED","1,568,743,000",""
"SURVEY","2008","YEAR","","STATE","UTAH","49","","","","","","","00000000","","MILK","MILK - SALES, MEASURED IN $","TOTAL","NOT SPECIFIED","320,551,000",""
"SURVEY","2008","YEAR","","STATE","VERMONT","50","","","","","","","00000000","","MILK","MILK - SALES, MEASURED IN $","TOTAL","NOT SPECIFIED","498,810,000",""
"SURVEY","2008","YEAR","","STATE","VIRGINIA","51","","","","","","","00000000","","MILK","MILK - SALES, MEASURED IN $","TOTAL","NOT SPECIFIED","371,088,000",""
"SURVEY","2008","YEAR","","STATE","WASHINGTON","53","","","","","","","00000000","","MILK","MILK - SALES, MEASURED IN $","TOTAL","NOT SPECIFIED","1,000,032,000",""
"SURVEY","2008","YEAR","","STATE","WEST VIRGINIA","54","","","","","","","00000000","","MILK","MILK - SALES, MEASURED IN $","TOTAL","NOT SPECIFIED","33,652,000",""
"SURVEY","2008","YEAR","","STATE","WISCONSIN","55","","","","","","","00000000","","MILK","MILK - SALES, MEASURED IN $","TOTAL","NOT SPECIFIED","4,571,532,000",""
"SURVEY","2008","YEAR","","STATE","WYOMING","56","","","","","","","00000000","","MILK","MILK - SALES, MEASURED IN $","TOTAL","NOT SPECIFIED","23,351,000",""
"SURVEY","2007","YEAR","","STATE","ALABAMA","01","","","","","","","00000000","","MILK","MILK - SALES, MEASURED IN $","TOTAL","NOT SPECIFIED","41,944,000",""
"SURVEY","2007","YEAR","","STATE","ALASKA","02","","","","","","","00000000","","MILK","MILK - SALES, MEASURED IN $","TOTAL","NOT SPECIFIED","1,824,000",""
"SURVEY","2007","YEAR","","STATE","ARIZONA","04","","","","","","","00000000","","MILK","MILK - SALES, MEASURED IN $","TOTAL","NOT SPECIFIED","801,627,000",""
"SURVEY","2007","YEAR","","STATE","ARKANSAS","05","","","","","","","00000000","","MILK","MILK - SALES, MEASURED IN $","TOTAL","NOT SPECIFIED","41,944,000",""
"SURVEY","2007","YEAR","","STATE","CALIFORNIA","06","","","","","","","00000000","","MILK","MILK - SALES, MEASURED IN $","TOTAL","NOT SPECIFIED","7,336,603,000",""
"SURVEY","2007","YEAR","","STATE","COLORADO","08","","","","","","","00000000","","MILK","MILK - SALES, MEASURED IN $","TOTAL","NOT SPECIFIED","515,889,000",""
"SURVEY","2007","YEAR","","STATE","CONNECTICUT","09","","","","","","","00000000","","MILK","MILK - SALES, MEASURED IN $","TOTAL","NOT SPECIFIED","75,658,000",""
"SURVEY","2007","YEAR","","STATE","DELAWARE","10","","","","","","","00000000","","MILK","MILK - SALES, MEASURED IN $","TOTAL","NOT SPECIFIED","21,952,000",""
"SURVEY","2007","YEAR","","STATE","FLORIDA","12","","","","","","","00000000","","MILK","MILK - SALES, MEASURED IN $","TOTAL","NOT SPECIFIED","459,243,000",""
"SURVEY","2007","YEAR","","STATE","GEORGIA","13","","","","","","","00000000","","MILK","MILK - SALES, MEASURED IN $","TOTAL","NOT SPECIFIED","281,561,000",""
"SURVEY","2007","YEAR","","STATE","HAWAII","15","","","","","","","00000000","","MILK","MILK - SALES, MEASURED IN $","TOTAL","NOT SPECIFIED","9,673,000",""
"SURVEY","2007","YEAR","","STATE","IDAHO","16","","","","","","","00000000","","MILK","MILK - SALES, MEASURED IN $","TOTAL","NOT SPECIFIED","2,050,204,000",""
"SURVEY","2007","YEAR","","STATE","ILLINOIS","17","","","","","","","00000000","","MILK","MILK - SALES, MEASURED IN $","TOTAL","NOT SPECIFIED","375,285,000",""
"SURVEY","2007","YEAR","","STATE","INDIANA","18","","","","","","","00000000","","MILK","MILK - SALES, MEASURED IN $","TOTAL","NOT SPECIFIED","659,162,000",""
"SURVEY","2007","YEAR","","STATE","IOWA","19","","","","","","","00000000","","MILK","MILK - SALES, MEASURED IN $","TOTAL","NOT SPECIFIED","813,278,000",""
"SURVEY","2007","YEAR","","STATE","KANSAS","20","","","","","","","00000000","","MILK","MILK - SALES, MEASURED IN $","TOTAL","NOT SPECIFIED","419,968,000",""
"SURVEY","2007","YEAR","","STATE","KENTUCKY","21","","","","","","","00000000","","MILK","MILK - SALES, MEASURED IN $","TOTAL","NOT SPECIFIED","248,056,000",""
"SURVEY","2007","YEAR","","STATE","LOUISIANA","22","","","","","","","00000000","","MILK","MILK - SALES, MEASURED IN $","TOTAL","NOT SPECIFIED","68,680,000",""
"SURVEY","2007","YEAR","","STATE","MAINE","23","","","","","","","00000000","","MILK","MILK - SALES, MEASURED IN $","TOTAL","NOT SPECIFIED","127,458,000",""
"SURVEY","2007","YEAR","","STATE","MARYLAND","24","","","","","","","00000000","","MILK","MILK - SALES, MEASURED IN $","TOTAL","NOT SPECIFIED","208,800,000",""
"SURVEY","2007","YEAR","","STATE","MASSACHUSETTS","25","","","","","","","00000000","","MILK","MILK - SALES, MEASURED IN $","TOTAL","NOT SPECIFIED","53,130,000",""
"SURVEY","2007","YEAR","","STATE","MICHIGAN","26","","","","","","","00000000","","MILK","MILK - SALES, MEASURED IN $","TOTAL","NOT SPECIFIED","1,497,200,000",""
"SURVEY","2007","YEAR","","STATE","MINNESOTA","27","","","","","","","00000000","","MILK","MILK - SALES, MEASURED IN $","TOTAL","NOT SPECIFIED","1,692,108,000",""
"SURVEY","2007","YEAR","","STATE","MISSISSIPPI","28","","","","","","","00000000","","MILK","MILK - SALES, MEASURED IN $","TOTAL","NOT SPECIFIED","65,688,000",""
"SURVEY","2007","YEAR","","STATE","MISSOURI","29","","","","","","","00000000","","MILK","MILK - SALES, MEASURED IN $","TOTAL","NOT SPECIFIED","321,070,000",""
"SURVEY","2007","YEAR","","STATE","MONTANA","30","","","","","","","00000000","","MILK","MILK - SALES, MEASURED IN $","TOTAL","NOT SPECIFIED","61,149,000",""
"SURVEY","2007","YEAR","","STATE","NEBRASKA","31","","","","","","","00000000","","MILK","MILK - SALES, MEASURED IN $","TOTAL","NOT SPECIFIED","200,220,000",""
"SURVEY","2007","YEAR","","STATE","NEVADA","32","","","","","","","00000000","","MILK","MILK - SALES, MEASURED IN $","TOTAL","NOT SPECIFIED","99,554,000",""
"SURVEY","2007","YEAR","","STATE","NEW HAMPSHIRE","33","","","","","","","00000000","","MILK","MILK - SALES, MEASURED IN $","TOTAL","NOT SPECIFIED","60,060,000",""
"SURVEY","2007","YEAR","","STATE","NEW JERSEY","34","","","","","","","00000000","","MILK","MILK - SALES, MEASURED IN $","TOTAL","NOT SPECIFIED","32,340,000",""
"SURVEY","2007","YEAR","","STATE","NEW MEXICO","35","","","","","","","00000000","","MILK","MILK - SALES, MEASURED IN $","TOTAL","NOT SPECIFIED","1,353,788,000",""
"SURVEY","2007","YEAR","","STATE","NEW YORK","36","","","","","","","00000000","","MILK","MILK - SALES, MEASURED IN $","TOTAL","NOT SPECIFIED","2,377,987,000",""
"SURVEY","2007","YEAR","","STATE","NORTH CAROLINA","37","","","","","","","00000000","","MILK","MILK - SALES, MEASURED IN $","TOTAL","NOT SPECIFIED","189,280,000",""
"SURVEY","2007","YEAR","","STATE","NORTH DAKOTA","38","","","","","","","00000000","","MILK","MILK - SALES, MEASURED IN $","TOTAL","NOT SPECIFIED","80,105,000",""
"SURVEY","2007","YEAR","","STATE","OHIO","39","","","","","","","00000000","","MILK","MILK - SALES, MEASURED IN $","TOTAL","NOT SPECIFIED","985,050,000",""
"SURVEY","2007","YEAR","","STATE","OKLAHOMA","40","","","","","","","00000000","","MILK","MILK - SALES, MEASURED IN $","TOTAL","NOT SPECIFIED","236,797,000",""
"SURVEY","2007","YEAR","","STATE","OREGON","41","","","","","","","00000000","","MILK","MILK - SALES, MEASURED IN $","TOTAL","NOT SPECIFIED","404,613,000",""
"SURVEY","2007","YEAR","","STATE","PENNSYLVANIA","42","","","","","","","00000000","","MILK","MILK - SALES, MEASURED IN $","TOTAL","NOT SPECIFIED","2,219,162,000",""
"SURVEY","2007","YEAR","","STATE","RHODE ISLAND","44","","","","","","","00000000","","MILK","MILK - SALES, MEASURED IN $","TOTAL","NOT SPECIFIED","3,798,000",""
"SURVEY","2007","YEAR","","STATE","SOUTH CAROLINA","45","","","","","","","00000000","","MILK","MILK - SALES, MEASURED IN $","TOTAL","NOT SPECIFIED","67,309,000",""
"SURVEY","2007","YEAR","","STATE","SOUTH DAKOTA","46","","","","","","","00000000","","MILK","MILK - SALES, MEASURED IN $","TOTAL","NOT SPECIFIED","311,903,000",""
"SURVEY","2007","YEAR","","STATE","TENNESSEE","47","","","","","","","00000000","","MILK","MILK - SALES, MEASURED IN $","TOTAL","NOT SPECIFIED","201,985,000",""
"SURVEY","2007","YEAR","","STATE","TEXAS","48","","","","","","","00000000","","MILK","MILK - SALES, MEASURED IN $","TOTAL","NOT SPECIFIED","1,449,723,000",""
"SURVEY","2007","YEAR","","STATE","UTAH","49","","","","","","","00000000","","MILK","MILK - SALES, MEASURED IN $","TOTAL","NOT SPECIFIED","324,702,000",""
"SURVEY","2007","YEAR","","STATE","VERMONT","50","","","","","","","00000000","","MILK","MILK - SALES, MEASURED IN $","TOTAL","NOT SPECIFIED","517,884,000",""
"SURVEY","2007","YEAR","","STATE","VIRGINIA","51","","","","","","","00000000","","MILK","MILK - SALES, MEASURED IN $","TOTAL","NOT SPECIFIED","371,685,000",""
"SURVEY","2007","YEAR","","STATE","WASHINGTON","53","","","","","","","00000000","","MILK","MILK - SALES, MEASURED IN $","TOTAL","NOT SPECIFIED","1,059,264,000",""
"SURVEY","2007","YEAR","","STATE","WEST VIRGINIA","54","","","","","","","00000000","","MILK","MILK - SALES, MEASURED IN $","TOTAL","NOT SPECIFIED","38,214,000",""
"SURVEY","2007","YEAR","","STATE","WISCONSIN","55","","","","","","","00000000","","MILK","MILK - SALES, MEASURED IN $","TOTAL","NOT SPECIFIED","4,594,365,000",""
"SURVEY","2007","YEAR","","STATE","WYOMING","56","","","","","","","00000000","","MILK","MILK - SALES, MEASURED IN $","TOTAL","NOT SPECIFIED","24,457,000",""
"SURVEY","2006","YEAR","","STATE","ALABAMA","01","","","","","","","00000000","","MILK","MILK - SALES, MEASURED IN $","TOTAL","NOT SPECIFIED","31,108,000",""
"SURVEY","2006","YEAR","","STATE","ALASKA","02","","","","","","","00000000","","MILK","MILK - SALES, MEASURED IN $","TOTAL","NOT SPECIFIED","1,869,000",""
"SURVEY","2006","YEAR","","STATE","ARIZONA","04","","","","","","","00000000","","MILK","MILK - SALES, MEASURED IN $","TOTAL","NOT SPECIFIED","504,448,000",""
"SURVEY","2006","YEAR","","STATE","ARKANSAS","05","","","","","","","00000000","","MILK","MILK - SALES, MEASURED IN $","TOTAL","NOT SPECIFIED","34,250,000",""
"SURVEY","2006","YEAR","","STATE","CALIFORNIA","06","","","","","","","00000000","","MILK","MILK - SALES, MEASURED IN $","TOTAL","NOT SPECIFIED","4,492,229,000",""
"SURVEY","2006","YEAR","","STATE","COLORADO","08","","","","","","","00000000","","MILK","MILK - SALES, MEASURED IN $","TOTAL","NOT SPECIFIED","326,820,000",""
"SURVEY","2006","YEAR","","STATE","CONNECTICUT","09","","","","","","","00000000","","MILK","MILK - SALES, MEASURED IN $","TOTAL","NOT SPECIFIED","52,272,000",""
"SURVEY","2006","YEAR","","STATE","DELAWARE","10","","","","","","","00000000","","MILK","MILK - SALES, MEASURED IN $","TOTAL","NOT SPECIFIED","15,142,000",""
"SURVEY","2006","YEAR","","STATE","FLORIDA","12","","","","","","","00000000","","MILK","MILK - SALES, MEASURED IN $","TOTAL","NOT SPECIFIED","344,235,000",""
"SURVEY","2006","YEAR","","STATE","GEORGIA","13","","","","","","","00000000","","MILK","MILK - SALES, MEASURED IN $","TOTAL","NOT SPECIFIED","201,024,000",""
"SURVEY","2006","YEAR","","STATE","HAWAII","15","","","","","","","00000000","","MILK","MILK - SALES, MEASURED IN $","TOTAL","NOT SPECIFIED","14,508,000",""
"SURVEY","2006","YEAR","","STATE","IDAHO","16","","","","","","","00000000","","MILK","MILK - SALES, MEASURED IN $","TOTAL","NOT SPECIFIED","1,282,896,000",""
"SURVEY","2006","YEAR","","STATE","ILLINOIS","17","","","","","","","00000000","","MILK","MILK - SALES, MEASURED IN $","TOTAL","NOT SPECIFIED","278,052,000",""
"SURVEY","2006","YEAR","","STATE","INDIANA","18","","","","","","","00000000","","MILK","MILK - SALES, MEASURED IN $","TOTAL","NOT SPECIFIED","432,516,000",""
"SURVEY","2006","YEAR","","STATE","IOWA","19","","","","","","","00000000","","MILK","MILK - SALES, MEASURED IN $","TOTAL","NOT SPECIFIED","533,910,000",""
"SURVEY","2006","YEAR","","STATE","KANSAS","20","","","","","","","00000000","","MILK","MILK - SALES, MEASURED IN $","TOTAL","NOT SPECIFIED","296,418,000",""
"SURVEY","2006","YEAR","","STATE","KENTUCKY","21","","","","","","","00000000","","MILK","MILK - SALES, MEASURED IN $","TOTAL","NOT SPECIFIED","179,340,000",""
"SURVEY","2006","YEAR","","STATE","LOUISIANA","22","","","","","","","00000000","","MILK","MILK - SALES, MEASURED IN $","TOTAL","NOT SPECIFIED","55,584,000",""
"SURVEY","2006","YEAR","","STATE","MAINE","23","","","","","","","00000000","","MILK","MILK - SALES, MEASURED IN $","TOTAL","NOT SPECIFIED","83,790,000",""
"SURVEY","2006","YEAR","","STATE","MARYLAND","24","","","","","","","00000000","","MILK","MILK - SALES, MEASURED IN $","TOTAL","NOT SPECIFIED","151,524,000",""
"SURVEY","2006","YEAR","","STATE","MASSACHUSETTS","25","","","","","","","00000000","","MILK","MILK - SALES, MEASURED IN $","TOTAL","NOT SPECIFIED","39,744,000",""
"SURVEY","2006","YEAR","","STATE","MICHIGAN","26","","","","","","","00000000","","MILK","MILK - SALES, MEASURED IN $","TOTAL","NOT SPECIFIED","942,970,000",""
"SURVEY","2006","YEAR","","STATE","MINNESOTA","27","","","","","","","00000000","","MILK","MILK - SALES, MEASURED IN $","TOTAL","NOT SPECIFIED","1,074,320,000",""
"SURVEY","2006","YEAR","","STATE","MISSISSIPPI","28","","","","","","","00000000","","MILK","MILK - SALES, MEASURED IN $","TOTAL","NOT SPECIFIED","49,590,000",""
"SURVEY","2006","YEAR","","STATE","MISSOURI","29","","","","","","","00000000","","MILK","MILK - SALES, MEASURED IN $","TOTAL","NOT SPECIFIED","241,395,000",""
"SURVEY","2006","YEAR","","STATE","MONTANA","30","","","","","","","00000000","","MILK","MILK - SALES, MEASURED IN $","TOTAL","NOT SPECIFIED","45,588,000",""
"SURVEY","2006","YEAR","","STATE","NEBRASKA","31","","","","","","","00000000","","MILK","MILK - SALES, MEASURED IN $","TOTAL","NOT SPECIFIED","148,338,000",""
"SURVEY","2006","YEAR","","STATE","NEVADA","32","","","","","","","00000000","","MILK","MILK - SALES, MEASURED IN $","TOTAL","NOT SPECIFIED","67,250,000",""
"SURVEY","2006","YEAR","","STATE","NEW HAMPSHIRE","33","","","","","","","00000000","","MILK","MILK - SALES, MEASURED IN $","TOTAL","NOT SPECIFIED","41,038,000",""
"SURVEY","2006","YEAR","","STATE","NEW JERSEY","34","","","","","","","00000000","","MILK","MILK - SALES, MEASURED IN $","TOTAL","NOT SPECIFIED","23,450,000",""
"SURVEY","2006","YEAR","","STATE","NEW MEXICO","35","","","","","","","00000000","","MILK","MILK - SALES, MEASURED IN $","TOTAL","NOT SPECIFIED","909,194,000",""
"SURVEY","2006","YEAR","","STATE","NEW YORK","36","","","","","","","00000000","","MILK","MILK - SALES, MEASURED IN $","TOTAL","NOT SPECIFIED","1,609,742,000",""
"SURVEY","2006","YEAR","","STATE","NORTH CAROLINA","37","","","","","","","00000000","","MILK","MILK - SALES, MEASURED IN $","TOTAL","NOT SPECIFIED","138,868,000",""
"SURVEY","2006","YEAR","","STATE","NORTH DAKOTA","38","","","","","","","00000000","","MILK","MILK - SALES, MEASURED IN $","TOTAL","NOT SPECIFIED","57,375,000",""
"SURVEY","2006","YEAR","","STATE","OHIO","39","","","","","","","00000000","","MILK","MILK - SALES, MEASURED IN $","TOTAL","NOT SPECIFIED","666,540,000",""
"SURVEY","2006","YEAR","","STATE","OKLAHOMA","40","","","","","","","00000000","","MILK","MILK - SALES, MEASURED IN $","TOTAL","NOT SPECIFIED","178,044,000",""
"SURVEY","2006","YEAR","","STATE","OREGON","41","","","","","","","00000000","","MILK","MILK - SALES, MEASURED IN $","TOTAL","NOT SPECIFIED","326,340,000",""
"SURVEY","2006","YEAR","","STATE","PENNSYLVANIA","42","","","","","","","00000000","","MILK","MILK - SALES, MEASURED IN $","TOTAL","NOT SPECIFIED","1,560,594,000",""
"SURVEY","2006","YEAR","","STATE","RHODE ISLAND","44","","","","","","","00000000","","MILK","MILK - SALES, MEASURED IN $","TOTAL","NOT SPECIFIED","2,768,000",""
"SURVEY","2006","YEAR","","STATE","SOUTH CAROLINA","45","","","","","","","00000000","","MILK","MILK - SALES, MEASURED IN $","TOTAL","NOT SPECIFIED","42,196,000",""
"SURVEY","2006","YEAR","","STATE","SOUTH DAKOTA","46","","","","","","","00000000","","MILK","MILK - SALES, MEASURED IN $","TOTAL","NOT SPECIFIED","196,107,000",""
"SURVEY","2006","YEAR","","STATE","TENNESSEE","47","","","","","","","00000000","","MILK","MILK - SALES, MEASURED IN $","TOTAL","NOT SPECIFIED","148,390,000",""
"SURVEY","2006","YEAR","","STATE","TEXAS","48","","","","","","","00000000","","MILK","MILK - SALES, MEASURED IN $","TOTAL","NOT SPECIFIED","948,556,000",""
"SURVEY","2006","YEAR","","STATE","UTAH","49","","","","","","","00000000","","MILK","MILK - SALES, MEASURED IN $","TOTAL","NOT SPECIFIED","219,964,000",""
"SURVEY","2006","YEAR","","STATE","VERMONT","50","","","","","","","00000000","","MILK","MILK - SALES, MEASURED IN $","TOTAL","NOT SPECIFIED","352,912,000",""
"SURVEY","2006","YEAR","","STATE","VIRGINIA","51","","","","","","","00000000","","MILK","MILK - SALES, MEASURED IN $","TOTAL","NOT SPECIFIED","266,213,000",""
"SURVEY","2006","YEAR","","STATE","WASHINGTON","53","","","","","","","00000000","","MILK","MILK - SALES, MEASURED IN $","TOTAL","NOT SPECIFIED","686,196,000",""
"SURVEY","2006","YEAR","","STATE","WEST VIRGINIA","54","","","","","","","00000000","","MILK","MILK - SALES, MEASURED IN $","TOTAL","NOT SPECIFIED","26,398,000",""
"SURVEY","2006","YEAR","","STATE","WISCONSIN","55","","","","","","","00000000","","MILK","MILK - SALES, MEASURED IN $","TOTAL","NOT SPECIFIED","3,075,625,000",""
"SURVEY","2006","YEAR","","STATE","WYOMING","56","","","","","","","00000000","","MILK","MILK - SALES, MEASURED IN $","TOTAL","NOT SPECIFIED","14,912,000",""
"SURVEY","2005","YEAR","","STATE","ALABAMA","01","","","","","","","00000000","","MILK","MILK - SALES, MEASURED IN $","TOTAL","NOT SPECIFIED","37,687,000",""
"SURVEY","2005","YEAR","","STATE","ALASKA","02","","","","","","","00000000","","MILK","MILK - SALES, MEASURED IN $","TOTAL","NOT SPECIFIED","2,570,000",""
"SURVEY","2005","YEAR","","STATE","ARIZONA","04","","","","","","","00000000","","MILK","MILK - SALES, MEASURED IN $","TOTAL","NOT SPECIFIED","555,621,000",""
"SURVEY","2005","YEAR","","STATE","ARKANSAS","05","","","","","","","00000000","","MILK","MILK - SALES, MEASURED IN $","TOTAL","NOT SPECIFIED","44,660,000",""
"SURVEY","2005","YEAR","","STATE","CALIFORNIA","06","","","","","","","00000000","","MILK","MILK - SALES, MEASURED IN $","TOTAL","NOT SPECIFIED","5,223,062,000",""
"SURVEY","2005","YEAR","","STATE","COLORADO","08","","","","","","","00000000","","MILK","MILK - SALES, MEASURED IN $","TOTAL","NOT SPECIFIED","345,382,000",""
"SURVEY","2005","YEAR","","STATE","CONNECTICUT","09","","","","","","","00000000","","MILK","MILK - SALES, MEASURED IN $","TOTAL","NOT SPECIFIED","62,865,000",""
"SURVEY","2005","YEAR","","STATE","DELAWARE","10","","","","","","","00000000","","MILK","MILK - SALES, MEASURED IN $","TOTAL","NOT SPECIFIED","19,748,000",""
"SURVEY","2005","YEAR","","STATE","FLORIDA","12","","","","","","","00000000","","MILK","MILK - SALES, MEASURED IN $","TOTAL","NOT SPECIFIED","421,662,000",""
"SURVEY","2005","YEAR","","STATE","GEORGIA","13","","","","","","","00000000","","MILK","MILK - SALES, MEASURED IN $","TOTAL","NOT SPECIFIED","221,760,000",""
"SURVEY","2005","YEAR","","STATE","HAWAII","15","","","","","","","00000000","","MILK","MILK - SALES, MEASURED IN $","TOTAL","NOT SPECIFIED","18,387,000",""
"SURVEY","2005","YEAR","","STATE","IDAHO","16","","","","","","","00000000","","MILK","MILK - SALES, MEASURED IN $","TOTAL","NOT SPECIFIED","1,418,060,000",""
"SURVEY","2005","YEAR","","STATE","ILLINOIS","17","","","","","","","00000000","","MILK","MILK - SALES, MEASURED IN $","TOTAL","NOT SPECIFIED","296,096,000",""
"SURVEY","2005","YEAR","","STATE","INDIANA","18","","","","","","","00000000","","MILK","MILK - SALES, MEASURED IN $","TOTAL","NOT SPECIFIED","502,560,000",""
"SURVEY","2005","YEAR","","STATE","IOWA","19","","","","","","","00000000","","MILK","MILK - SALES, MEASURED IN $","TOTAL","NOT SPECIFIED","612,000,000",""
"SURVEY","2005","YEAR","","STATE","KANSAS","20","","","","","","","00000000","","MILK","MILK - SALES, MEASURED IN $","TOTAL","NOT SPECIFIED","328,425,000",""
"SURVEY","2005","YEAR","","STATE","KENTUCKY","21","","","","","","","00000000","","MILK","MILK - SALES, MEASURED IN $","TOTAL","NOT SPECIFIED","217,080,000",""
"SURVEY","2005","YEAR","","STATE","LOUISIANA","22","","","","","","","00000000","","MILK","MILK - SALES, MEASURED IN $","TOTAL","NOT SPECIFIED","66,568,000",""
"SURVEY","2005","YEAR","","STATE","MAINE","23","","","","","","","00000000","","MILK","MILK - SALES, MEASURED IN $","TOTAL","NOT SPECIFIED","99,120,000",""
"SURVEY","2005","YEAR","","STATE","MARYLAND","24","","","","","","","00000000","","MILK","MILK - SALES, MEASURED IN $","TOTAL","NOT SPECIFIED","183,870,000",""
"SURVEY","2005","YEAR","","STATE","MASSACHUSETTS","25","","","","","","","00000000","","MILK","MILK - SALES, MEASURED IN $","TOTAL","NOT SPECIFIED","47,355,000",""
"SURVEY","2005","YEAR","","STATE","MICHIGAN","26","","","","","","","00000000","","MILK","MILK - SALES, MEASURED IN $","TOTAL","NOT SPECIFIED","1,035,650,000",""
"SURVEY","2005","YEAR","","STATE","MINNESOTA","27","","","","","","","00000000","","MILK","MILK - SALES, MEASURED IN $","TOTAL","NOT SPECIFIED","1,246,630,000",""
"SURVEY","2005","YEAR","","STATE","MISSISSIPPI","28","","","","","","","00000000","","MILK","MILK - SALES, MEASURED IN $","TOTAL","NOT SPECIFIED","60,420,000",""
"SURVEY","2005","YEAR","","STATE","MISSOURI","29","","","","","","","00000000","","MILK","MILK - SALES, MEASURED IN $","TOTAL","NOT SPECIFIED","286,750,000",""
"SURVEY","2005","YEAR","","STATE","MONTANA","30","","","","","","","00000000","","MILK","MILK - SALES, MEASURED IN $","TOTAL","NOT SPECIFIED","56,304,000",""
"SURVEY","2005","YEAR","","STATE","NEBRASKA","31","","","","","","","00000000","","MILK","MILK - SALES, MEASURED IN $","TOTAL","NOT SPECIFIED","164,164,000",""
"SURVEY","2005","YEAR","","STATE","NEVADA","32","","","","","","","00000000","","MILK","MILK - SALES, MEASURED IN $","TOTAL","NOT SPECIFIED","77,720,000",""
"SURVEY","2005","YEAR","","STATE","NEW HAMPSHIRE","33","","","","","","","00000000","","MILK","MILK - SALES, MEASURED IN $","TOTAL","NOT SPECIFIED","48,737,000",""
"SURVEY","2005","YEAR","","STATE","NEW JERSEY","34","","","","","","","00000000","","MILK","MILK - SALES, MEASURED IN $","TOTAL","NOT SPECIFIED","29,295,000",""
"SURVEY","2005","YEAR","","STATE","NEW MEXICO","35","","","","","","","00000000","","MILK","MILK - SALES, MEASURED IN $","TOTAL","NOT SPECIFIED","981,409,000",""
"SURVEY","2005","YEAR","","STATE","NEW YORK","36","","","","","","","00000000","","MILK","MILK - SALES, MEASURED IN $","TOTAL","NOT SPECIFIED","1,913,724,000",""
"SURVEY","2005","YEAR","","STATE","NORTH CAROLINA","37","","","","","","","00000000","","MILK","MILK - SALES, MEASURED IN $","TOTAL","NOT SPECIFIED","163,836,000",""
"SURVEY","2005","YEAR","","STATE","NORTH DAKOTA","38","","","","","","","00000000","","MILK","MILK - SALES, MEASURED IN $","TOTAL","NOT SPECIFIED","68,550,000",""
"SURVEY","2005","YEAR","","STATE","OHIO","39","","","","","","","00000000","","MILK","MILK - SALES, MEASURED IN $","TOTAL","NOT SPECIFIED","744,654,000",""
"SURVEY","2005","YEAR","","STATE","OKLAHOMA","40","","","","","","","00000000","","MILK","MILK - SALES, MEASURED IN $","TOTAL","NOT SPECIFIED","199,512,000",""
"SURVEY","2005","YEAR","","STATE","OREGON","41","","","","","","","00000000","","MILK","MILK - SALES, MEASURED IN $","TOTAL","NOT SPECIFIED","355,448,000",""
"SURVEY","2005","YEAR","","STATE","PENNSYLVANIA","42","","","","","","","00000000","","MILK","MILK - SALES, MEASURED IN $","TOTAL","NOT SPECIFIED","1,763,853,000",""
"SURVEY","2005","YEAR","","STATE","RHODE ISLAND","44","","","","","","","00000000","","MILK","MILK - SALES, MEASURED IN $","TOTAL","NOT SPECIFIED","3,125,000",""
"SURVEY","2005","YEAR","","STATE","SOUTH CAROLINA","45","","","","","","","00000000","","MILK","MILK - SALES, MEASURED IN $","TOTAL","NOT SPECIFIED","47,310,000",""
"SURVEY","2005","YEAR","","STATE","SOUTH DAKOTA","46","","","","","","","00000000","","MILK","MILK - SALES, MEASURED IN $","TOTAL","NOT SPECIFIED","218,484,000",""
"SURVEY","2005","YEAR","","STATE","TENNESSEE","47","","","","","","","00000000","","MILK","MILK - SALES, MEASURED IN $","TOTAL","NOT SPECIFIED","175,680,000",""
"SURVEY","2005","YEAR","","STATE","TEXAS","48","","","","","","","00000000","","MILK","MILK - SALES, MEASURED IN $","TOTAL","NOT SPECIFIED","982,107,000",""
"SURVEY","2005","YEAR","","STATE","UTAH","49","","","","","","","00000000","","MILK","MILK - SALES, MEASURED IN $","TOTAL","NOT SPECIFIED","243,756,000",""
"SURVEY","2005","YEAR","","STATE","VERMONT","50","","","","","","","00000000","","MILK","MILK - SALES, MEASURED IN $","TOTAL","NOT SPECIFIED","419,840,000",""
"SURVEY","2005","YEAR","","STATE","VIRGINIA","51","","","","","","","00000000","","MILK","MILK - SALES, MEASURED IN $","TOTAL","NOT SPECIFIED","293,040,000",""
"SURVEY","2005","YEAR","","STATE","WASHINGTON","53","","","","","","","00000000","","MILK","MILK - SALES, MEASURED IN $","TOTAL","NOT SPECIFIED","832,165,000",""
"SURVEY","2005","YEAR","","STATE","WEST VIRGINIA","54","","","","","","","00000000","","MILK","MILK - SALES, MEASURED IN $","TOTAL","NOT SPECIFIED","29,796,000",""
"SURVEY","2005","YEAR","","STATE","WISCONSIN","55","","","","","","","00000000","","MILK","MILK - SALES, MEASURED IN $","TOTAL","NOT SPECIFIED","3,527,784,000",""
"SURVEY","2005","YEAR","","STATE","WYOMING","56","","","","","","","00000000","","MILK","MILK - SALES, MEASURED IN $","TOTAL","NOT SPECIFIED","10,582,000",""
"SURVEY","2004","YEAR","","STATE","ALABAMA","01","","","","","","","00000000","","MILK","MILK - SALES, MEASURED IN $","TOTAL","NOT SPECIFIED","43,497,000",""
"SURVEY","2004","YEAR","","STATE","ALASKA","02","","","","","","","00000000","","MILK","MILK - SALES, MEASURED IN $","TOTAL","NOT SPECIFIED","2,822,000",""
"SURVEY","2004","YEAR","","STATE","ARIZONA","04","","","","","","","00000000","","MILK","MILK - SALES, MEASURED IN $","TOTAL","NOT SPECIFIED","570,381,000",""
"SURVEY","2004","YEAR","","STATE","ARKANSAS","05","","","","","","","00000000","","MILK","MILK - SALES, MEASURED IN $","TOTAL","NOT SPECIFIED","51,345,000",""
"SURVEY","2004","YEAR","","STATE","CALIFORNIA","06","","","","","","","00000000","","MILK","MILK - SALES, MEASURED IN $","TOTAL","NOT SPECIFIED","5,365,992,000",""
"SURVEY","2004","YEAR","","STATE","COLORADO","08","","","","","","","00000000","","MILK","MILK - SALES, MEASURED IN $","TOTAL","NOT SPECIFIED","343,281,000",""
"SURVEY","2004","YEAR","","STATE","CONNECTICUT","09","","","","","","","00000000","","MILK","MILK - SALES, MEASURED IN $","TOTAL","NOT SPECIFIED","67,124,000",""
"SURVEY","2004","YEAR","","STATE","DELAWARE","10","","","","","","","00000000","","MILK","MILK - SALES, MEASURED IN $","TOTAL","NOT SPECIFIED","21,063,000",""
"SURVEY","2004","YEAR","","STATE","FLORIDA","12","","","","","","","00000000","","MILK","MILK - SALES, MEASURED IN $","TOTAL","NOT SPECIFIED","431,616,000",""
"SURVEY","2004","YEAR","","STATE","GEORGIA","13","","","","","","","00000000","","MILK","MILK - SALES, MEASURED IN $","TOTAL","NOT SPECIFIED","235,536,000",""
"SURVEY","2004","YEAR","","STATE","HAWAII","15","","","","","","","00000000","","MILK","MILK - SALES, MEASURED IN $","TOTAL","NOT SPECIFIED","20,175,000",""
"SURVEY","2004","YEAR","","STATE","IDAHO","16","","","","","","","00000000","","MILK","MILK - SALES, MEASURED IN $","TOTAL","NOT SPECIFIED","1,358,400,000",""
"SURVEY","2004","YEAR","","STATE","ILLINOIS","17","","","","","","","00000000","","MILK","MILK - SALES, MEASURED IN $","TOTAL","NOT SPECIFIED","308,819,000",""
"SURVEY","2004","YEAR","","STATE","INDIANA","18","","","","","","","00000000","","MILK","MILK - SALES, MEASURED IN $","TOTAL","NOT SPECIFIED","501,501,000",""
"SURVEY","2004","YEAR","","STATE","IOWA","19","","","","","","","00000000","","MILK","MILK - SALES, MEASURED IN $","TOTAL","NOT SPECIFIED","623,312,000",""
"SURVEY","2004","YEAR","","STATE","KANSAS","20","","","","","","","00000000","","MILK","MILK - SALES, MEASURED IN $","TOTAL","NOT SPECIFIED","339,570,000",""
"SURVEY","2004","YEAR","","STATE","KENTUCKY","21","","","","","","","00000000","","MILK","MILK - SALES, MEASURED IN $","TOTAL","NOT SPECIFIED","236,640,000",""
"SURVEY","2004","YEAR","","STATE","LOUISIANA","22","","","","","","","00000000","","MILK","MILK - SALES, MEASURED IN $","TOTAL","NOT SPECIFIED","77,220,000",""
"SURVEY","2004","YEAR","","STATE","MAINE","23","","","","","","","00000000","","MILK","MILK - SALES, MEASURED IN $","TOTAL","NOT SPECIFIED","109,260,000",""
"SURVEY","2004","YEAR","","STATE","MARYLAND","24","","","","","","","00000000","","MILK","MILK - SALES, MEASURED IN $","TOTAL","NOT SPECIFIED","188,360,000",""
"SURVEY","2004","YEAR","","STATE","MASSACHUSETTS","25","","","","","","","00000000","","MILK","MILK - SALES, MEASURED IN $","TOTAL","NOT SPECIFIED","50,982,000",""
"SURVEY","2004","YEAR","","STATE","MICHIGAN","26","","","","","","","00000000","","MILK","MILK - SALES, MEASURED IN $","TOTAL","NOT SPECIFIED","1,027,715,000",""
"SURVEY","2004","YEAR","","STATE","MINNESOTA","27","","","","","","","00000000","","MILK","MILK - SALES, MEASURED IN $","TOTAL","NOT SPECIFIED","1,336,334,000",""
"SURVEY","2004","YEAR","","STATE","MISSISSIPPI","28","","","","","","","00000000","","MILK","MILK - SALES, MEASURED IN $","TOTAL","NOT SPECIFIED","63,336,000",""
"SURVEY","2004","YEAR","","STATE","MISSOURI","29","","","","","","","00000000","","MILK","MILK - SALES, MEASURED IN $","TOTAL","NOT SPECIFIED","298,808,000",""
"SURVEY","2004","YEAR","","STATE","MONTANA","30","","","","","","","00000000","","MILK","MILK - SALES, MEASURED IN $","TOTAL","NOT SPECIFIED","53,664,000",""
"SURVEY","2004","YEAR","","STATE","NEBRASKA","31","","","","","","","00000000","","MILK","MILK - SALES, MEASURED IN $","TOTAL","NOT SPECIFIED","168,156,000",""
"SURVEY","2004","YEAR","","STATE","NEVADA","32","","","","","","","00000000","","MILK","MILK - SALES, MEASURED IN $","TOTAL","NOT SPECIFIED","74,947,000",""
"SURVEY","2004","YEAR","","STATE","NEW HAMPSHIRE","33","","","","","","","00000000","","MILK","MILK - SALES, MEASURED IN $","TOTAL","NOT SPECIFIED","51,900,000",""
"SURVEY","2004","YEAR","","STATE","NEW JERSEY","34","","","","","","","00000000","","MILK","MILK - SALES, MEASURED IN $","TOTAL","NOT SPECIFIED","32,308,000",""
"SURVEY","2004","YEAR","","STATE","NEW MEXICO","35","","","","","","","00000000","","MILK","MILK - SALES, MEASURED IN $","TOTAL","NOT SPECIFIED","1,004,301,000",""
"SURVEY","2004","YEAR","","STATE","NEW YORK","36","","","","","","","00000000","","MILK","MILK - SALES, MEASURED IN $","TOTAL","NOT SPECIFIED","1,950,144,000",""
"SURVEY","2004","YEAR","","STATE","NORTH CAROLINA","37","","","","","","","00000000","","MILK","MILK - SALES, MEASURED IN $","TOTAL","NOT SPECIFIED","170,796,000",""
"SURVEY","2004","YEAR","","STATE","NORTH DAKOTA","38","","","","","","","00000000","","MILK","MILK - SALES, MEASURED IN $","TOTAL","NOT SPECIFIED","74,002,000",""
"SURVEY","2004","YEAR","","STATE","OHIO","39","","","","","","","00000000","","MILK","MILK - SALES, MEASURED IN $","TOTAL","NOT SPECIFIED","751,980,000",""
"SURVEY","2004","YEAR","","STATE","OKLAHOMA","40","","","","","","","00000000","","MILK","MILK - SALES, MEASURED IN $","TOTAL","NOT SPECIFIED","218,750,000",""
"SURVEY","2004","YEAR","","STATE","OREGON","41","","","","","","","00000000","","MILK","MILK - SALES, MEASURED IN $","TOTAL","NOT SPECIFIED","359,520,000",""
"SURVEY","2004","YEAR","","STATE","PENNSYLVANIA","42","","","","","","","00000000","","MILK","MILK - SALES, MEASURED IN $","TOTAL","NOT SPECIFIED","1,759,824,000",""
"SURVEY","2004","YEAR","","STATE","RHODE ISLAND","44","","","","","","","00000000","","MILK","MILK - SALES, MEASURED IN $","TOTAL","NOT SPECIFIED","3,473,000",""
"SURVEY","2004","YEAR","","STATE","SOUTH CAROLINA","45","","","","","","","00000000","","MILK","MILK - SALES, MEASURED IN $","TOTAL","NOT SPECIFIED","49,416,000",""
"SURVEY","2004","YEAR","","STATE","SOUTH DAKOTA","46","","","","","","","00000000","","MILK","MILK - SALES, MEASURED IN $","TOTAL","NOT SPECIFIED","220,440,000",""
"SURVEY","2004","YEAR","","STATE","TENNESSEE","47","","","","","","","00000000","","MILK","MILK - SALES, MEASURED IN $","TOTAL","NOT SPECIFIED","193,368,000",""
"SURVEY","2004","YEAR","","STATE","TEXAS","48","","","","","","","00000000","","MILK","MILK - SALES, MEASURED IN $","TOTAL","NOT SPECIFIED","975,718,000",""
"SURVEY","2004","YEAR","","STATE","UTAH","49","","","","","","","00000000","","MILK","MILK - SALES, MEASURED IN $","TOTAL","NOT SPECIFIED","251,514,000",""
"SURVEY","2004","YEAR","","STATE","VERMONT","50","","","","","","","00000000","","MILK","MILK - SALES, MEASURED IN $","TOTAL","NOT SPECIFIED","435,513,000",""
"SURVEY","2004","YEAR","","STATE","VIRGINIA","51","","","","","","","00000000","","MILK","MILK - SALES, MEASURED IN $","TOTAL","NOT SPECIFIED","308,417,000",""
"SURVEY","2004","YEAR","","STATE","WASHINGTON","53","","","","","","","00000000","","MILK","MILK - SALES, MEASURED IN $","TOTAL","NOT SPECIFIED","857,010,000",""
"SURVEY","2004","YEAR","","STATE","WEST VIRGINIA","54","","","","","","","00000000","","MILK","MILK - SALES, MEASURED IN $","TOTAL","NOT SPECIFIED","31,515,000",""
"SURVEY","2004","YEAR","","STATE","WISCONSIN","55","","","","","","","00000000","","MILK","MILK - SALES, MEASURED IN $","TOTAL","NOT SPECIFIED","3,687,242,000",""
"SURVEY","2004","YEAR","","STATE","WYOMING","56","","","","","","","00000000","","MILK","MILK - SALES, MEASURED IN $","TOTAL","NOT SPECIFIED","9,828,000",""
"SURVEY","2003","YEAR","","STATE","ALABAMA","01","","","","","","","00000000","","MILK","MILK - SALES, MEASURED IN $","TOTAL","NOT SPECIFIED","35,250,000",""
"SURVEY","2003","YEAR","","STATE","ALASKA","02","","","","","","","00000000","","MILK","MILK - SALES, MEASURED IN $","TOTAL","NOT SPECIFIED","3,214,000",""
"SURVEY","2003","YEAR","","STATE","ARIZONA","04","","","","","","","00000000","","MILK","MILK - SALES, MEASURED IN $","TOTAL","NOT SPECIFIED","424,680,000",""
"SURVEY","2003","YEAR","","STATE","ARKANSAS","05","","","","","","","00000000","","MILK","MILK - SALES, MEASURED IN $","TOTAL","NOT SPECIFIED","46,018,000",""
"SURVEY","2003","YEAR","","STATE","CALIFORNIA","06","","","","","","","00000000","","MILK","MILK - SALES, MEASURED IN $","TOTAL","NOT SPECIFIED","4,027,837,000",""
"SURVEY","2003","YEAR","","STATE","COLORADO","08","","","","","","","00000000","","MILK","MILK - SALES, MEASURED IN $","TOTAL","NOT SPECIFIED","263,128,000",""
"SURVEY","2003","YEAR","","STATE","CONNECTICUT","09","","","","","","","00000000","","MILK","MILK - SALES, MEASURED IN $","TOTAL","NOT SPECIFIED","55,760,000",""
"SURVEY","2003","YEAR","","STATE","DELAWARE","10","","","","","","","00000000","","MILK","MILK - SALES, MEASURED IN $","TOTAL","NOT SPECIFIED","17,144,000",""
"SURVEY","2003","YEAR","","STATE","FLORIDA","12","","","","","","","00000000","","MILK","MILK - SALES, MEASURED IN $","TOTAL","NOT SPECIFIED","329,868,000",""
"SURVEY","2003","YEAR","","STATE","GEORGIA","13","","","","","","","00000000","","MILK","MILK - SALES, MEASURED IN $","TOTAL","NOT SPECIFIED","192,022,000",""
"SURVEY","2003","YEAR","","STATE","HAWAII","15","","","","","","","00000000","","MILK","MILK - SALES, MEASURED IN $","TOTAL","NOT SPECIFIED","21,449,000",""
"SURVEY","2003","YEAR","","STATE","IDAHO","16","","","","","","","00000000","","MILK","MILK - SALES, MEASURED IN $","TOTAL","NOT SPECIFIED","1,004,985,000",""
"SURVEY","2003","YEAR","","STATE","ILLINOIS","17","","","","","","","00000000","","MILK","MILK - SALES, MEASURED IN $","TOTAL","NOT SPECIFIED","246,235,000",""
"SURVEY","2003","YEAR","","STATE","INDIANA","18","","","","","","","00000000","","MILK","MILK - SALES, MEASURED IN $","TOTAL","NOT SPECIFIED","376,035,000",""
"SURVEY","2003","YEAR","","STATE","IOWA","19","","","","","","","00000000","","MILK","MILK - SALES, MEASURED IN $","TOTAL","NOT SPECIFIED","483,968,000",""
"SURVEY","2003","YEAR","","STATE","KANSAS","20","","","","","","","00000000","","MILK","MILK - SALES, MEASURED IN $","TOTAL","NOT SPECIFIED","254,280,000",""
"SURVEY","2003","YEAR","","STATE","KENTUCKY","21","","","","","","","00000000","","MILK","MILK - SALES, MEASURED IN $","TOTAL","NOT SPECIFIED","192,022,000",""
"SURVEY","2003","YEAR","","STATE","LOUISIANA","22","","","","","","","00000000","","MILK","MILK - SALES, MEASURED IN $","TOTAL","NOT SPECIFIED","66,040,000",""
"SURVEY","2003","YEAR","","STATE","MAINE","23","","","","","","","00000000","","MILK","MILK - SALES, MEASURED IN $","TOTAL","NOT SPECIFIED","87,898,000",""
"SURVEY","2003","YEAR","","STATE","MARYLAND","24","","","","","","","00000000","","MILK","MILK - SALES, MEASURED IN $","TOTAL","NOT SPECIFIED","155,477,000",""
"SURVEY","2003","YEAR","","STATE","MASSACHUSETTS","25","","","","","","","00000000","","MILK","MILK - SALES, MEASURED IN $","TOTAL","NOT SPECIFIED","44,608,000",""
"SURVEY","2003","YEAR","","STATE","MICHIGAN","26","","","","","","","00000000","","MILK","MILK - SALES, MEASURED IN $","TOTAL","NOT SPECIFIED","800,100,000",""
"SURVEY","2003","YEAR","","STATE","MINNESOTA","27","","","","","","","00000000","","MILK","MILK - SALES, MEASURED IN $","TOTAL","NOT SPECIFIED","1,044,224,000",""
"SURVEY","2003","YEAR","","STATE","MISSISSIPPI","28","","","","","","","00000000","","MILK","MILK - SALES, MEASURED IN $","TOTAL","NOT SPECIFIED","55,151,000",""
"SURVEY","2003","YEAR","","STATE","MISSOURI","29","","","","","","","00000000","","MILK","MILK - SALES, MEASURED IN $","TOTAL","NOT SPECIFIED","234,360,000",""
"SURVEY","2003","YEAR","","STATE","MONTANA","30","","","","","","","00000000","","MILK","MILK - SALES, MEASURED IN $","TOTAL","NOT SPECIFIED","42,160,000",""
"SURVEY","2003","YEAR","","STATE","NEBRASKA","31","","","","","","","00000000","","MILK","MILK - SALES, MEASURED IN $","TOTAL","NOT SPECIFIED","145,210,000",""
"SURVEY","2003","YEAR","","STATE","NEVADA","32","","","","","","","00000000","","MILK","MILK - SALES, MEASURED IN $","TOTAL","NOT SPECIFIED","53,648,000",""
"SURVEY","2003","YEAR","","STATE","NEW HAMPSHIRE","33","","","","","","","00000000","","MILK","MILK - SALES, MEASURED IN $","TOTAL","NOT SPECIFIED","41,374,000",""
"SURVEY","2003","YEAR","","STATE","NEW JERSEY","34","","","","","","","00000000","","MILK","MILK - SALES, MEASURED IN $","TOTAL","NOT SPECIFIED","27,264,000",""
"SURVEY","2003","YEAR","","STATE","NEW MEXICO","35","","","","","","","00000000","","MILK","MILK - SALES, MEASURED IN $","TOTAL","NOT SPECIFIED","790,080,000",""
"SURVEY","2003","YEAR","","STATE","NEW YORK","36","","","","","","","00000000","","MILK","MILK - SALES, MEASURED IN $","TOTAL","NOT SPECIFIED","1,559,555,000",""
"SURVEY","2003","YEAR","","STATE","NORTH CAROLINA","37","","","","","","","00000000","","MILK","MILK - SALES, MEASURED IN $","TOTAL","NOT SPECIFIED","143,309,000",""
"SURVEY","2003","YEAR","","STATE","NORTH DAKOTA","38","","","","","","","00000000","","MILK","MILK - SALES, MEASURED IN $","TOTAL","NOT SPECIFIED","59,658,000",""
"SURVEY","2003","YEAR","","STATE","OHIO","39","","","","","","","00000000","","MILK","MILK - SALES, MEASURED IN $","TOTAL","NOT SPECIFIED","584,260,000",""
"SURVEY","2003","YEAR","","STATE","OKLAHOMA","40","","","","","","","00000000","","MILK","MILK - SALES, MEASURED IN $","TOTAL","NOT SPECIFIED","177,826,000",""
"SURVEY","2003","YEAR","","STATE","OREGON","41","","","","","","","00000000","","MILK","MILK - SALES, MEASURED IN $","TOTAL","NOT SPECIFIED","271,125,000",""
"SURVEY","2003","YEAR","","STATE","PENNSYLVANIA","42","","","","","","","00000000","","MILK","MILK - SALES, MEASURED IN $","TOTAL","NOT SPECIFIED","1,438,780,000",""
"SURVEY","2003","YEAR","","STATE","RHODE ISLAND","44","","","","","","","00000000","","MILK","MILK - SALES, MEASURED IN $","TOTAL","NOT SPECIFIED","2,957,000",""
"SURVEY","2003","YEAR","","STATE","SOUTH CAROLINA","45","","","","","","","00000000","","MILK","MILK - SALES, MEASURED IN $","TOTAL","NOT SPECIFIED","42,840,000",""
"SURVEY","2003","YEAR","","STATE","SOUTH DAKOTA","46","","","","","","","00000000","","MILK","MILK - SALES, MEASURED IN $","TOTAL","NOT SPECIFIED","176,746,000",""
"SURVEY","2003","YEAR","","STATE","TENNESSEE","47","","","","","","","00000000","","MILK","MILK - SALES, MEASURED IN $","TOTAL","NOT SPECIFIED","159,600,000",""
"SURVEY","2003","YEAR","","STATE","TEXAS","48","","","","","","","00000000","","MILK","MILK - SALES, MEASURED IN $","TOTAL","NOT SPECIFIED","729,430,000",""
"SURVEY","2003","YEAR","","STATE","UTAH","49","","","","","","","00000000","","MILK","MILK - SALES, MEASURED IN $","TOTAL","NOT SPECIFIED","194,568,000",""
"SURVEY","2003","YEAR","","STATE","VERMONT","50","","","","","","","00000000","","MILK","MILK - SALES, MEASURED IN $","TOTAL","NOT SPECIFIED","340,600,000",""
"SURVEY","2003","YEAR","","STATE","VIRGINIA","51","","","","","","","00000000","","MILK","MILK - SALES, MEASURED IN $","TOTAL","NOT SPECIFIED","244,666,000",""
"SURVEY","2003","YEAR","","STATE","WASHINGTON","53","","","","","","","00000000","","MILK","MILK - SALES, MEASURED IN $","TOTAL","NOT SPECIFIED","671,792,000",""
"SURVEY","2003","YEAR","","STATE","WEST VIRGINIA","54","","","","","","","00000000","","MILK","MILK - SALES, MEASURED IN $","TOTAL","NOT SPECIFIED","27,264,000",""
"SURVEY","2003","YEAR","","STATE","WISCONSIN","55","","","","","","","00000000","","MILK","MILK - SALES, MEASURED IN $","TOTAL","NOT SPECIFIED","2,838,258,000",""
"SURVEY","2003","YEAR","","STATE","WYOMING","56","","","","","","","00000000","","MILK","MILK - SALES, MEASURED IN $","TOTAL","NOT SPECIFIED","6,336,000",""
"SURVEY","2002","YEAR","","STATE","ALABAMA","01","","","","","","","00000000","","MILK","MILK - SALES, MEASURED IN $","TOTAL","NOT SPECIFIED","38,500,000",""
"SURVEY","2002","YEAR","","STATE","ALASKA","02","","","","","","","00000000","","MILK","MILK - SALES, MEASURED IN $","TOTAL","NOT SPECIFIED","3,444,000",""
"SURVEY","2002","YEAR","","STATE","ARIZONA","04","","","","","","","00000000","","MILK","MILK - SALES, MEASURED IN $","TOTAL","NOT SPECIFIED","399,789,000",""
"SURVEY","2002","YEAR","","STATE","ARKANSAS","05","","","","","","","00000000","","MILK","MILK - SALES, MEASURED IN $","TOTAL","NOT SPECIFIED","50,820,000",""
"SURVEY","2002","YEAR","","STATE","CALIFORNIA","06","","","","","","","00000000","","MILK","MILK - SALES, MEASURED IN $","TOTAL","NOT SPECIFIED","3,832,501,000",""
"SURVEY","2002","YEAR","","STATE","COLORADO","08","","","","","","","00000000","","MILK","MILK - SALES, MEASURED IN $","TOTAL","NOT SPECIFIED","250,986,000",""
"SURVEY","2002","YEAR","","STATE","CONNECTICUT","09","","","","","","","00000000","","MILK","MILK - SALES, MEASURED IN $","TOTAL","NOT SPECIFIED","58,476,000",""
"SURVEY","2002","YEAR","","STATE","DELAWARE","10","","","","","","","00000000","","MILK","MILK - SALES, MEASURED IN $","TOTAL","NOT SPECIFIED","19,804,000",""
"SURVEY","2002","YEAR","","STATE","FLORIDA","12","","","","","","","00000000","","MILK","MILK - SALES, MEASURED IN $","TOTAL","NOT SPECIFIED","352,237,000",""
"SURVEY","2002","YEAR","","STATE","GEORGIA","13","","","","","","","00000000","","MILK","MILK - SALES, MEASURED IN $","TOTAL","NOT SPECIFIED","192,720,000",""
"SURVEY","2002","YEAR","","STATE","HAWAII","15","","","","","","","00000000","","MILK","MILK - SALES, MEASURED IN $","TOTAL","NOT SPECIFIED","22,467,000",""
"SURVEY","2002","YEAR","","STATE","IDAHO","16","","","","","","","00000000","","MILK","MILK - SALES, MEASURED IN $","TOTAL","NOT SPECIFIED","917,786,000",""
"SURVEY","2002","YEAR","","STATE","ILLINOIS","17","","","","","","","00000000","","MILK","MILK - SALES, MEASURED IN $","TOTAL","NOT SPECIFIED","242,284,000",""
"SURVEY","2002","YEAR","","STATE","INDIANA","18","","","","","","","00000000","","MILK","MILK - SALES, MEASURED IN $","TOTAL","NOT SPECIFIED","324,351,000",""
"SURVEY","2002","YEAR","","STATE","IOWA","19","","","","","","","00000000","","MILK","MILK - SALES, MEASURED IN $","TOTAL","NOT SPECIFIED","455,323,000",""
"SURVEY","2002","YEAR","","STATE","KANSAS","20","","","","","","","00000000","","MILK","MILK - SALES, MEASURED IN $","TOTAL","NOT SPECIFIED","236,223,000",""
"SURVEY","2002","YEAR","","STATE","KENTUCKY","21","","","","","","","00000000","","MILK","MILK - SALES, MEASURED IN $","TOTAL","NOT SPECIFIED","208,560,000",""
"SURVEY","2002","YEAR","","STATE","LOUISIANA","22","","","","","","","00000000","","MILK","MILK - SALES, MEASURED IN $","TOTAL","NOT SPECIFIED","73,840,000",""
"SURVEY","2002","YEAR","","STATE","MAINE","23","","","","","","","00000000","","MILK","MILK - SALES, MEASURED IN $","TOTAL","NOT SPECIFIED","86,583,000",""
"SURVEY","2002","YEAR","","STATE","MARYLAND","24","","","","","","","00000000","","MILK","MILK - SALES, MEASURED IN $","TOTAL","NOT SPECIFIED","170,412,000",""
"SURVEY","2002","YEAR","","STATE","MASSACHUSETTS","25","","","","","","","00000000","","MILK","MILK - SALES, MEASURED IN $","TOTAL","NOT SPECIFIED","47,124,000",""
"SURVEY","2002","YEAR","","STATE","MICHIGAN","26","","","","","","","00000000","","MILK","MILK - SALES, MEASURED IN $","TOTAL","NOT SPECIFIED","733,260,000",""
"SURVEY","2002","YEAR","","STATE","MINNESOTA","27","","","","","","","00000000","","MILK","MILK - SALES, MEASURED IN $","TOTAL","NOT SPECIFIED","1,011,318,000",""
"SURVEY","2002","YEAR","","STATE","MISSISSIPPI","28","","","","","","","00000000","","MILK","MILK - SALES, MEASURED IN $","TOTAL","NOT SPECIFIED","62,356,000",""
"SURVEY","2002","YEAR","","STATE","MISSOURI","29","","","","","","","00000000","","MILK","MILK - SALES, MEASURED IN $","TOTAL","NOT SPECIFIED","236,037,000",""
"SURVEY","2002","YEAR","","STATE","MONTANA","30","","","","","","","00000000","","MILK","MILK - SALES, MEASURED IN $","TOTAL","NOT SPECIFIED","41,205,000",""
"SURVEY","2002","YEAR","","STATE","NEBRASKA","31","","","","","","","00000000","","MILK","MILK - SALES, MEASURED IN $","TOTAL","NOT SPECIFIED","144,250,000",""
"SURVEY","2002","YEAR","","STATE","NEVADA","32","","","","","","","00000000","","MILK","MILK - SALES, MEASURED IN $","TOTAL","NOT SPECIFIED","52,965,000",""
"SURVEY","2002","YEAR","","STATE","NEW HAMPSHIRE","33","","","","","","","00000000","","MILK","MILK - SALES, MEASURED IN $","TOTAL","NOT SPECIFIED","42,250,000",""
"SURVEY","2002","YEAR","","STATE","NEW JERSEY","34","","","","","","","00000000","","MILK","MILK - SALES, MEASURED IN $","TOTAL","NOT SPECIFIED","29,824,000",""
"SURVEY","2002","YEAR","","STATE","NEW MEXICO","35","","","","","","","00000000","","MILK","MILK - SALES, MEASURED IN $","TOTAL","NOT SPECIFIED","743,869,000",""
"SURVEY","2002","YEAR","","STATE","NEW YORK","36","","","","","","","00000000","","MILK","MILK - SALES, MEASURED IN $","TOTAL","NOT SPECIFIED","1,557,888,000",""
"SURVEY","2002","YEAR","","STATE","NORTH CAROLINA","37","","","","","","","00000000","","MILK","MILK - SALES, MEASURED IN $","TOTAL","NOT SPECIFIED","154,698,000",""
"SURVEY","2002","YEAR","","STATE","NORTH DAKOTA","38","","","","","","","00000000","","MILK","MILK - SALES, MEASURED IN $","TOTAL","NOT SPECIFIED","68,676,000",""
"SURVEY","2002","YEAR","","STATE","OHIO","39","","","","","","","00000000","","MILK","MILK - SALES, MEASURED IN $","TOTAL","NOT SPECIFIED","560,700,000",""
"SURVEY","2002","YEAR","","STATE","OKLAHOMA","40","","","","","","","00000000","","MILK","MILK - SALES, MEASURED IN $","TOTAL","NOT SPECIFIED","174,555,000",""
"SURVEY","2002","YEAR","","STATE","OREGON","41","","","","","","","00000000","","MILK","MILK - SALES, MEASURED IN $","TOTAL","NOT SPECIFIED","259,250,000",""
"SURVEY","2002","YEAR","","STATE","PENNSYLVANIA","42","","","","","","","00000000","","MILK","MILK - SALES, MEASURED IN $","TOTAL","NOT SPECIFIED","1,482,396,000",""
"SURVEY","2002","YEAR","","STATE","RHODE ISLAND","44","","","","","","","00000000","","MILK","MILK - SALES, MEASURED IN $","TOTAL","NOT SPECIFIED","3,032,000",""
"SURVEY","2002","YEAR","","STATE","SOUTH CAROLINA","45","","","","","","","00000000","","MILK","MILK - SALES, MEASURED IN $","TOTAL","NOT SPECIFIED","48,735,000",""
"SURVEY","2002","YEAR","","STATE","SOUTH DAKOTA","46","","","","","","","00000000","","MILK","MILK - SALES, MEASURED IN $","TOTAL","NOT SPECIFIED","163,584,000",""
"SURVEY","2002","YEAR","","STATE","TENNESSEE","47","","","","","","","00000000","","MILK","MILK - SALES, MEASURED IN $","TOTAL","NOT SPECIFIED","172,920,000",""
"SURVEY","2002","YEAR","","STATE","TEXAS","48","","","","","","","00000000","","MILK","MILK - SALES, MEASURED IN $","TOTAL","NOT SPECIFIED","680,604,000",""
"SURVEY","2002","YEAR","","STATE","UTAH","49","","","","","","","00000000","","MILK","MILK - SALES, MEASURED IN $","TOTAL","NOT SPECIFIED","194,110,000",""
"SURVEY","2002","YEAR","","STATE","VERMONT","50","","","","","","","00000000","","MILK","MILK - SALES, MEASURED IN $","TOTAL","NOT SPECIFIED","340,868,000",""
"SURVEY","2002","YEAR","","STATE","VIRGINIA","51","","","","","","","00000000","","MILK","MILK - SALES, MEASURED IN $","TOTAL","NOT SPECIFIED","267,386,000",""
"SURVEY","2002","YEAR","","STATE","WASHINGTON","53","","","","","","","00000000","","MILK","MILK - SALES, MEASURED IN $","TOTAL","NOT SPECIFIED","671,040,000",""
"SURVEY","2002","YEAR","","STATE","WEST VIRGINIA","54","","","","","","","00000000","","MILK","MILK - SALES, MEASURED IN $","TOTAL","NOT SPECIFIED","30,480,000",""
"SURVEY","2002","YEAR","","STATE","WISCONSIN","55","","","","","","","00000000","","MILK","MILK - SALES, MEASURED IN $","TOTAL","NOT SPECIFIED","2,662,650,000",""
"SURVEY","2002","YEAR","","STATE","WYOMING","56","","","","","","","00000000","","MILK","MILK - SALES, MEASURED IN $","TOTAL","NOT SPECIFIED","7,102,000",""
"SURVEY","2001","YEAR","","STATE","ALABAMA","01","","","","","","","00000000","","MILK","MILK - SALES, MEASURED IN $","TOTAL","NOT SPECIFIED","50,193,000",""
"SURVEY","2001","YEAR","","STATE","ALASKA","02","","","","","","","00000000","","MILK","MILK - SALES, MEASURED IN $","TOTAL","NOT SPECIFIED","2,780,000",""
"SURVEY","2001","YEAR","","STATE","ARIZONA","04","","","","","","","00000000","","MILK","MILK - SALES, MEASURED IN $","TOTAL","NOT SPECIFIED","451,731,000",""
"SURVEY","2001","YEAR","","STATE","ARKANSAS","05","","","","","","","00000000","","MILK","MILK - SALES, MEASURED IN $","TOTAL","NOT SPECIFIED","67,459,000",""
"SURVEY","2001","YEAR","","STATE","CALIFORNIA","06","","","","","","","00000000","","MILK","MILK - SALES, MEASURED IN $","TOTAL","NOT SPECIFIED","4,625,431,000",""
"SURVEY","2001","YEAR","","STATE","COLORADO","08","","","","","","","00000000","","MILK","MILK - SALES, MEASURED IN $","TOTAL","NOT SPECIFIED","287,712,000",""
"SURVEY","2001","YEAR","","STATE","CONNECTICUT","09","","","","","","","00000000","","MILK","MILK - SALES, MEASURED IN $","TOTAL","NOT SPECIFIED","72,772,000",""
"SURVEY","2001","YEAR","","STATE","DELAWARE","10","","","","","","","00000000","","MILK","MILK - SALES, MEASURED IN $","TOTAL","NOT SPECIFIED","23,973,000",""
"SURVEY","2001","YEAR","","STATE","FLORIDA","12","","","","","","","00000000","","MILK","MILK - SALES, MEASURED IN $","TOTAL","NOT SPECIFIED","428,446,000",""
"SURVEY","2001","YEAR","","STATE","GEORGIA","13","","","","","","","00000000","","MILK","MILK - SALES, MEASURED IN $","TOTAL","NOT SPECIFIED","225,780,000",""
"SURVEY","2001","YEAR","","STATE","HAWAII","15","","","","","","","00000000","","MILK","MILK - SALES, MEASURED IN $","TOTAL","NOT SPECIFIED","26,546,000",""
"SURVEY","2001","YEAR","","STATE","IDAHO","16","","","","","","","00000000","","MILK","MILK - SALES, MEASURED IN $","TOTAL","NOT SPECIFIED","1,042,740,000",""
"SURVEY","2001","YEAR","","STATE","ILLINOIS","17","","","","","","","00000000","","MILK","MILK - SALES, MEASURED IN $","TOTAL","NOT SPECIFIED","300,600,000",""
"SURVEY","2001","YEAR","","STATE","INDIANA","18","","","","","","","00000000","","MILK","MILK - SALES, MEASURED IN $","TOTAL","NOT SPECIFIED","408,940,000",""
"SURVEY","2001","YEAR","","STATE","IOWA","19","","","","","","","00000000","","MILK","MILK - SALES, MEASURED IN $","TOTAL","NOT SPECIFIED","550,368,000",""
"SURVEY","2001","YEAR","","STATE","KANSAS","20","","","","","","","00000000","","MILK","MILK - SALES, MEASURED IN $","TOTAL","NOT SPECIFIED","231,855,000",""
"SURVEY","2001","YEAR","","STATE","KENTUCKY","21","","","","","","","00000000","","MILK","MILK - SALES, MEASURED IN $","TOTAL","NOT SPECIFIED","263,736,000",""
"SURVEY","2001","YEAR","","STATE","LOUISIANA","22","","","","","","","00000000","","MILK","MILK - SALES, MEASURED IN $","TOTAL","NOT SPECIFIED","99,200,000",""
"SURVEY","2001","YEAR","","STATE","MAINE","23","","","","","","","00000000","","MILK","MILK - SALES, MEASURED IN $","TOTAL","NOT SPECIFIED","104,489,000",""
"SURVEY","2001","YEAR","","STATE","MARYLAND","24","","","","","","","00000000","","MILK","MILK - SALES, MEASURED IN $","TOTAL","NOT SPECIFIED","208,008,000",""
"SURVEY","2001","YEAR","","STATE","MASSACHUSETTS","25","","","","","","","00000000","","MILK","MILK - SALES, MEASURED IN $","TOTAL","NOT SPECIFIED","57,539,000",""
"SURVEY","2001","YEAR","","STATE","MICHIGAN","26","","","","","","","00000000","","MILK","MILK - SALES, MEASURED IN $","TOTAL","NOT SPECIFIED","883,120,000",""
"SURVEY","2001","YEAR","","STATE","MINNESOTA","27","","","","","","","00000000","","MILK","MILK - SALES, MEASURED IN $","TOTAL","NOT SPECIFIED","1,297,343,000",""
"SURVEY","2001","YEAR","","STATE","MISSISSIPPI","28","","","","","","","00000000","","MILK","MILK - SALES, MEASURED IN $","TOTAL","NOT SPECIFIED","79,695,000",""
"SURVEY","2001","YEAR","","STATE","MISSOURI","29","","","","","","","00000000","","MILK","MILK - SALES, MEASURED IN $","TOTAL","NOT SPECIFIED","286,229,000",""
"SURVEY","2001","YEAR","","STATE","MONTANA","30","","","","","","","00000000","","MILK","MILK - SALES, MEASURED IN $","TOTAL","NOT SPECIFIED","50,887,000",""
"SURVEY","2001","YEAR","","STATE","NEBRASKA","31","","","","","","","00000000","","MILK","MILK - SALES, MEASURED IN $","TOTAL","NOT SPECIFIED","168,484,000",""
"SURVEY","2001","YEAR","","STATE","NEVADA","32","","","","","","","00000000","","MILK","MILK - SALES, MEASURED IN $","TOTAL","NOT SPECIFIED","62,270,000",""
"SURVEY","2001","YEAR","","STATE","NEW HAMPSHIRE","33","","","","","","","00000000","","MILK","MILK - SALES, MEASURED IN $","TOTAL","NOT SPECIFIED","51,997,000",""
"SURVEY","2001","YEAR","","STATE","NEW JERSEY","34","","","","","","","00000000","","MILK","MILK - SALES, MEASURED IN $","TOTAL","NOT SPECIFIED","37,030,000",""
"SURVEY","2001","YEAR","","STATE","NEW MEXICO","35","","","","","","","00000000","","MILK","MILK - SALES, MEASURED IN $","TOTAL","NOT SPECIFIED","814,592,000",""
"SURVEY","2001","YEAR","","STATE","NEW YORK","36","","","","","","","00000000","","MILK","MILK - SALES, MEASURED IN $","TOTAL","NOT SPECIFIED","1,847,810,000",""
"SURVEY","2001","YEAR","","STATE","NORTH CAROLINA","37","","","","","","","00000000","","MILK","MILK - SALES, MEASURED IN $","TOTAL","NOT SPECIFIED","194,427,000",""
"SURVEY","2001","YEAR","","STATE","NORTH DAKOTA","38","","","","","","","00000000","","MILK","MILK - SALES, MEASURED IN $","TOTAL","NOT SPECIFIED","89,744,000",""
"SURVEY","2001","YEAR","","STATE","OHIO","39","","","","","","","00000000","","MILK","MILK - SALES, MEASURED IN $","TOTAL","NOT SPECIFIED","649,040,000",""
"SURVEY","2001","YEAR","","STATE","OKLAHOMA","40","","","","","","","00000000","","MILK","MILK - SALES, MEASURED IN $","TOTAL","NOT SPECIFIED","208,449,000",""
"SURVEY","2001","YEAR","","STATE","OREGON","41","","","","","","","00000000","","MILK","MILK - SALES, MEASURED IN $","TOTAL","NOT SPECIFIED","264,895,000",""
"SURVEY","2001","YEAR","","STATE","PENNSYLVANIA","42","","","","","","","00000000","","MILK","MILK - SALES, MEASURED IN $","TOTAL","NOT SPECIFIED","1,793,630,000",""
"SURVEY","2001","YEAR","","STATE","RHODE ISLAND","44","","","","","","","00000000","","MILK","MILK - SALES, MEASURED IN $","TOTAL","NOT SPECIFIED","3,756,000",""
"SURVEY","2001","YEAR","","STATE","SOUTH CAROLINA","45","","","","","","","00000000","","MILK","MILK - SALES, MEASURED IN $","TOTAL","NOT SPECIFIED","60,060,000",""
"SURVEY","2001","YEAR","","STATE","SOUTH DAKOTA","46","","","","","","","00000000","","MILK","MILK - SALES, MEASURED IN $","TOTAL","NOT SPECIFIED","205,058,000",""
"SURVEY","2001","YEAR","","STATE","TENNESSEE","47","","","","","","","00000000","","MILK","MILK - SALES, MEASURED IN $","TOTAL","NOT SPECIFIED","215,460,000",""
"SURVEY","2001","YEAR","","STATE","TEXAS","48","","","","","","","00000000","","MILK","MILK - SALES, MEASURED IN $","TOTAL","NOT SPECIFIED","803,588,000",""
"SURVEY","2001","YEAR","","STATE","UTAH","49","","","","","","","00000000","","MILK","MILK - SALES, MEASURED IN $","TOTAL","NOT SPECIFIED","236,670,000",""
"SURVEY","2001","YEAR","","STATE","VERMONT","50","","","","","","","00000000","","MILK","MILK - SALES, MEASURED IN $","TOTAL","NOT SPECIFIED","418,542,000",""
"SURVEY","2001","YEAR","","STATE","VIRGINIA","51","","","","","","","00000000","","MILK","MILK - SALES, MEASURED IN $","TOTAL","NOT SPECIFIED","318,240,000",""
"SURVEY","2001","YEAR","","STATE","WASHINGTON","53","","","","","","","00000000","","MILK","MILK - SALES, MEASURED IN $","TOTAL","NOT SPECIFIED","822,000,000",""
"SURVEY","2001","YEAR","","STATE","WEST VIRGINIA","54","","","","","","","00000000","","MILK","MILK - SALES, MEASURED IN $","TOTAL","NOT SPECIFIED","38,868,000",""
"SURVEY","2001","YEAR","","STATE","WISCONSIN","55","","","","","","","00000000","","MILK","MILK - SALES, MEASURED IN $","TOTAL","NOT SPECIFIED","3,244,752,000",""
"SURVEY","2001","YEAR","","STATE","WYOMING","56","","","","","","","00000000","","MILK","MILK - SALES, MEASURED IN $","TOTAL","NOT SPECIFIED","8,733,000",""
"SURVEY","2000","YEAR","","STATE","ALABAMA","01","","","","","","","00000000","","MILK","MILK - SALES, MEASURED IN $","TOTAL","NOT SPECIFIED","48,990,000",""
"SURVEY","2000","YEAR","","STATE","ALASKA","02","","","","","","","00000000","","MILK","MILK - SALES, MEASURED IN $","TOTAL","NOT SPECIFIED","2,487,000",""
"SURVEY","2000","YEAR","","STATE","ARIZONA","04","","","","","","","00000000","","MILK","MILK - SALES, MEASURED IN $","TOTAL","NOT SPECIFIED","359,261,000",""
"SURVEY","2000","YEAR","","STATE","ARKANSAS","05","","","","","","","00000000","","MILK","MILK - SALES, MEASURED IN $","TOTAL","NOT SPECIFIED","64,192,000",""
"SURVEY","2000","YEAR","","STATE","CALIFORNIA","06","","","","","","","00000000","","MILK","MILK - SALES, MEASURED IN $","TOTAL","NOT SPECIFIED","3,704,035,000",""
"SURVEY","2000","YEAR","","STATE","COLORADO","08","","","","","","","00000000","","MILK","MILK - SALES, MEASURED IN $","TOTAL","NOT SPECIFIED","223,256,000",""
"SURVEY","2000","YEAR","","STATE","CONNECTICUT","09","","","","","","","00000000","","MILK","MILK - SALES, MEASURED IN $","TOTAL","NOT SPECIFIED","66,975,000",""
"SURVEY","2000","YEAR","","STATE","DELAWARE","10","","","","","","","00000000","","MILK","MILK - SALES, MEASURED IN $","TOTAL","NOT SPECIFIED","19,562,000",""
"SURVEY","2000","YEAR","","STATE","FLORIDA","12","","","","","","","00000000","","MILK","MILK - SALES, MEASURED IN $","TOTAL","NOT SPECIFIED","383,604,000",""
"SURVEY","2000","YEAR","","STATE","GEORGIA","13","","","","","","","00000000","","MILK","MILK - SALES, MEASURED IN $","TOTAL","NOT SPECIFIED","183,180,000",""
"SURVEY","2000","YEAR","","STATE","HAWAII","15","","","","","","","00000000","","MILK","MILK - SALES, MEASURED IN $","TOTAL","NOT SPECIFIED","28,102,000",""
"SURVEY","2000","YEAR","","STATE","IDAHO","16","","","","","","","00000000","","MILK","MILK - SALES, MEASURED IN $","TOTAL","NOT SPECIFIED","762,034,000",""
"SURVEY","2000","YEAR","","STATE","ILLINOIS","17","","","","","","","00000000","","MILK","MILK - SALES, MEASURED IN $","TOTAL","NOT SPECIFIED","255,102,000",""
"SURVEY","2000","YEAR","","STATE","INDIANA","18","","","","","","","00000000","","MILK","MILK - SALES, MEASURED IN $","TOTAL","NOT SPECIFIED","308,568,000",""
"SURVEY","2000","YEAR","","STATE","IOWA","19","","","","","","","00000000","","MILK","MILK - SALES, MEASURED IN $","TOTAL","NOT SPECIFIED","455,247,000",""
"SURVEY","2000","YEAR","","STATE","KANSAS","20","","","","","","","00000000","","MILK","MILK - SALES, MEASURED IN $","TOTAL","NOT SPECIFIED","177,248,000",""
"SURVEY","2000","YEAR","","STATE","KENTUCKY","21","","","","","","","00000000","","MILK","MILK - SALES, MEASURED IN $","TOTAL","NOT SPECIFIED","229,080,000",""
"SURVEY","2000","YEAR","","STATE","LOUISIANA","22","","","","","","","00000000","","MILK","MILK - SALES, MEASURED IN $","TOTAL","NOT SPECIFIED","95,354,000",""
"SURVEY","2000","YEAR","","STATE","MAINE","23","","","","","","","00000000","","MILK","MILK - SALES, MEASURED IN $","TOTAL","NOT SPECIFIED","93,201,000",""
"SURVEY","2000","YEAR","","STATE","MARYLAND","24","","","","","","","00000000","","MILK","MILK - SALES, MEASURED IN $","TOTAL","NOT SPECIFIED","181,035,000",""
"SURVEY","2000","YEAR","","STATE","MASSACHUSETTS","25","","","","","","","00000000","","MILK","MILK - SALES, MEASURED IN $","TOTAL","NOT SPECIFIED","52,311,000",""
"SURVEY","2000","YEAR","","STATE","MICHIGAN","26","","","","","","","00000000","","MILK","MILK - SALES, MEASURED IN $","TOTAL","NOT SPECIFIED","729,495,000",""
"SURVEY","2000","YEAR","","STATE","MINNESOTA","27","","","","","","","00000000","","MILK","MILK - SALES, MEASURED IN $","TOTAL","NOT SPECIFIED","1,126,560,000",""
"SURVEY","2000","YEAR","","STATE","MISSISSIPPI","28","","","","","","","00000000","","MILK","MILK - SALES, MEASURED IN $","TOTAL","NOT SPECIFIED","74,782,000",""
"SURVEY","2000","YEAR","","STATE","MISSOURI","29","","","","","","","00000000","","MILK","MILK - SALES, MEASURED IN $","TOTAL","NOT SPECIFIED","269,709,000",""
"SURVEY","2000","YEAR","","STATE","MONTANA","30","","","","","","","00000000","","MILK","MILK - SALES, MEASURED IN $","TOTAL","NOT SPECIFIED","41,856,000",""
"SURVEY","2000","YEAR","","STATE","NEBRASKA","31","","","","","","","00000000","","MILK","MILK - SALES, MEASURED IN $","TOTAL","NOT SPECIFIED","145,314,000",""
"SURVEY","2000","YEAR","","STATE","NEVADA","32","","","","","","","00000000","","MILK","MILK - SALES, MEASURED IN $","TOTAL","NOT SPECIFIED","51,700,000",""
"SURVEY","2000","YEAR","","STATE","NEW HAMPSHIRE","33","","","","","","","00000000","","MILK","MILK - SALES, MEASURED IN $","TOTAL","NOT SPECIFIED","43,120,000",""
"SURVEY","2000","YEAR","","STATE","NEW JERSEY","34","","","","","","","00000000","","MILK","MILK - SALES, MEASURED IN $","TOTAL","NOT SPECIFIED","31,812,000",""
"SURVEY","2000","YEAR","","STATE","NEW MEXICO","35","","","","","","","00000000","","MILK","MILK - SALES, MEASURED IN $","TOTAL","NOT SPECIFIED","643,808,000",""
"SURVEY","2000","YEAR","","STATE","NEW YORK","36","","","","","","","00000000","","MILK","MILK - SALES, MEASURED IN $","TOTAL","NOT SPECIFIED","1,543,966,000",""
"SURVEY","2000","YEAR","","STATE","NORTH CAROLINA","37","","","","","","","00000000","","MILK","MILK - SALES, MEASURED IN $","TOTAL","NOT SPECIFIED","174,479,000",""
"SURVEY","2000","YEAR","","STATE","NORTH DAKOTA","38","","","","","","","00000000","","MILK","MILK - SALES, MEASURED IN $","TOTAL","NOT SPECIFIED","76,275,000",""
"SURVEY","2000","YEAR","","STATE","OHIO","39","","","","","","","00000000","","MILK","MILK - SALES, MEASURED IN $","TOTAL","NOT SPECIFIED","558,936,000",""
"SURVEY","2000","YEAR","","STATE","OKLAHOMA","40","","","","","","","00000000","","MILK","MILK - SALES, MEASURED IN $","TOTAL","NOT SPECIFIED","176,800,000",""
"SURVEY","2000","YEAR","","STATE","OREGON","41","","","","","","","00000000","","MILK","MILK - SALES, MEASURED IN $","TOTAL","NOT SPECIFIED","207,488,000",""
"SURVEY","2000","YEAR","","STATE","PENNSYLVANIA","42","","","","","","","00000000","","MILK","MILK - SALES, MEASURED IN $","TOTAL","NOT SPECIFIED","1,520,837,000",""
"SURVEY","2000","YEAR","","STATE","RHODE ISLAND","44","","","","","","","00000000","","MILK","MILK - SALES, MEASURED IN $","TOTAL","NOT SPECIFIED","3,948,000",""
"SURVEY","2000","YEAR","","STATE","SOUTH CAROLINA","45","","","","","","","00000000","","MILK","MILK - SALES, MEASURED IN $","TOTAL","NOT SPECIFIED","51,747,000",""
"SURVEY","2000","YEAR","","STATE","SOUTH DAKOTA","46","","","","","","","00000000","","MILK","MILK - SALES, MEASURED IN $","TOTAL","NOT SPECIFIED","187,008,000",""
"SURVEY","2000","YEAR","","STATE","TENNESSEE","47","","","","","","","00000000","","MILK","MILK - SALES, MEASURED IN $","TOTAL","NOT SPECIFIED","193,200,000",""
"SURVEY","2000","YEAR","","STATE","TEXAS","48","","","","","","","00000000","","MILK","MILK - SALES, MEASURED IN $","TOTAL","NOT SPECIFIED","766,346,000",""
"SURVEY","2000","YEAR","","STATE","UTAH","49","","","","","","","00000000","","MILK","MILK - SALES, MEASURED IN $","TOTAL","NOT SPECIFIED","186,032,000",""
"SURVEY","2000","YEAR","","STATE","VERMONT","50","","","","","","","00000000","","MILK","MILK - SALES, MEASURED IN $","TOTAL","NOT SPECIFIED","366,804,000",""
"SURVEY","2000","YEAR","","STATE","VIRGINIA","51","","","","","","","00000000","","MILK","MILK - SALES, MEASURED IN $","TOTAL","NOT SPECIFIED","279,276,000",""
"SURVEY","2000","YEAR","","STATE","WASHINGTON","53","","","","","","","00000000","","MILK","MILK - SALES, MEASURED IN $","TOTAL","NOT SPECIFIED","711,168,000",""
"SURVEY","2000","YEAR","","STATE","WEST VIRGINIA","54","","","","","","","00000000","","MILK","MILK - SALES, MEASURED IN $","TOTAL","NOT SPECIFIED","34,846,000",""
"SURVEY","2000","YEAR","","STATE","WISCONSIN","55","","","","","","","00000000","","MILK","MILK - SALES, MEASURED IN $","TOTAL","NOT SPECIFIED","2,688,309,000",""
"SURVEY","2000","YEAR","","STATE","WYOMING","56","","","","","","","00000000","","MILK","MILK - SALES, MEASURED IN $","TOTAL","NOT SPECIFIED","8,184,000",""
